Added,Episode,Youtube,Start,End,Quote,Caption,Filename,Length,Command,Character 1,Character 2,Character 3,Character 4,Character 5
Y,S01E01,pxhcLwVCgz0,00:00:18.500,00:00:3.000,"""Moi je connais que le cri""",,que-le-cri,54,"./convert.sh pxhcLwVCgz0 que-le-cri 00:00:18.500 00:00:3.000 ""Moi je connais que le cri"" 54",Karadoc,Bohort,,,
Y,S01E01,pxhcLwVCgz0,00:00:49.500,00:00:1.000,"""Si ça se trouve ?""",,si-ca-se-trouve,54,"./convert.sh pxhcLwVCgz0 si-ca-se-trouve 00:00:49.500 00:00:1.000 ""Si ça se trouve ?"" 54",Arthur,,,,
Y,S01E01,pxhcLwVCgz0,00:00:54.800,00:00:1.500,"""Ils sont encore là ces cons""",,encore-la-ces-cons,46,"./convert.sh pxhcLwVCgz0 encore-la-ces-cons 00:00:54.800 00:00:1.500 ""Ils sont encore là ces cons"" 46",Léodagan,Perceval,,,
Y,S01E01,pxhcLwVCgz0,00:00:56.500,00:00:1.150,"""On va pas rester planté là comme des radis""",,comme-des-radis,40,"./convert.sh pxhcLwVCgz0 comme-des-radis 00:00:56.500 00:00:1.150 ""On va pas rester planté là comme des radis"" 40",Arthur,,,,
Y,S01E01,pxhcLwVCgz0,00:01:18.500,00:00:1.500,"""Ah oui mais nous on est trois. Enfin, deux et demi...""",,trois-enfin-deux-et-demi,40,"./convert.sh pxhcLwVCgz0 trois-enfin-deux-et-demi 00:01:18.500 00:00:1.500 ""Ah oui mais nous on est trois. Enfin, deux et demi..."" 40",Léodagan,Perceval,,,
Y,S01E01,pxhcLwVCgz0,00:01:31.000,00:00:2.400,"""Putain en plein dans sa mouille""",,dans-sa-mouille,40,"./convert.sh pxhcLwVCgz0 dans-sa-mouille 00:01:31.000 00:00:2.400 ""Putain en plein dans sa mouille"" 40",Perceval,Léodagan,,,
Y,S01E01,pxhcLwVCgz0,00:00:59.250,00:00:02.000,"""Et si on faisait le coup du bouclier humain ?""",,coup-bouclier-humain,40,"./convert.sh pxhcLwVCgz0 coup-bouclier-humain 00:00:59.250 00:00:02.000 ""Et si on faisait le coup du bouclier humain ?"" 40",Perceval,Léodagan,,,
Y,S01E02,6-ENx6OAkfs,00:00:22.750,00:00:02.500,"""C'est proposé si gentiment""",,propose-si-gentiment,46,"./convert.sh 6-ENx6OAkfs propose-si-gentiment 00:00:22.750 00:00:02.500 ""C'est proposé si gentiment"" 46",Arthur,Guenièvre,Séli,,
Y,S01E02,6-ENx6OAkfs,00:00:47.000,00:00:02.500,"""La vache ça vous rend pas aimable en tout cas""",,rend-pas-aimable,40,"./convert.sh 6-ENx6OAkfs rend-pas-aimable 00:00:47.000 00:00:02.500 ""La vache ça vous rend pas aimable en tout cas"" 40",Arthur,Guenièvre,Séli,,
Y,S01E02,6-ENx6OAkfs,00:02:20.700,00:00:02.450,"""La seule différence concrète avec des briques c'est que vous appelez ça des tartes""",,brique-tarte,36,"./convert.sh 6-ENx6OAkfs brique-tarte 00:02:20.700 00:00:02.450 ""La seule différence concrète avec des briques c'est que vous appelez ça des tartes"" 36",Léodagan,Séli,,,
Y,S01E02,6-ENx6OAkfs,00:01:02.750,00:00:02.750,"""Vous dites rien. Faudrait pouvoir...""",,dites-rien-faudrait-pouvoir,40,"./convert.sh 6-ENx6OAkfs dites-rien-faudrait-pouvoir 00:01:02.750 00:00:02.750 ""Vous dites rien. Faudrait pouvoir..."" 40",Séli,Léodagan,,,
Y,S01E03,SXrbYw_AqQA,00:00:14.000,00:00:01.850,"""Encore une chance qu'on se soit pas fait construire un buffet à vaisselle""",,buffet-a-vaisselle,36,"./convert.sh SXrbYw_AqQA buffet-a-vaisselle 00:00:14.000 00:00:01.850 ""Encore une chance qu'on se soit pas fait construire un buffet à vaisselle"" 36",Léodagan,Perceval,,,
Y,S01E03,SXrbYw_AqQA,00:01:17.500,00:00:02.000,"""Après ça pour le détail, ça je sais pas moi hein""",,detail-je-sais-pas-moi,40,"./convert.sh SXrbYw_AqQA detail-je-sais-pas-moi 00:01:17.500 00:00:02.000 ""Après ça pour le détail, ça je sais pas moi hein"" 40",Breccan l'Artisan,Karadoc,Perceval,,
Y,S01E03,SXrbYw_AqQA,00:01:27.500,00:00:01.650,"""Vous vous êtes derrière le pupitre là-bas""",,derriere-pupitre-la-bas,40,"./convert.sh SXrbYw_AqQA derriere-pupitre-la-bas 00:01:27.500 00:00:01.650 ""Vous vous êtes derrière le pupitre là-bas"" 40",Arthur,Père Blaise,Léodagan,Bohort,
Y,S01E03,SXrbYw_AqQA,00:02:19.500,00:00:01.650,"""Ca vous dérange si je mets ma petite griffe là""",,ma-petite-griffe,40,"./convert.sh SXrbYw_AqQA ma-petite-griffe 00:02:19.500 00:00:01.650 ""Ca vous dérange si je mets ma petite griffe là"" 40",Breccan l'Artisan,Karadoc,Perceval,,
Y,S01E03,SXrbYw_AqQA,00:02:59.150,00:00:01.350,"""C'est carré carré chez vous""",,carre-carre,46,"./convert.sh SXrbYw_AqQA carre-carre 00:02:59.150 00:00:01.350 ""C'est carré carré chez vous"" 46",Breccan l'Artisan,,,,
Y,S01E07,SgIfmMamK8k,00:00:44.150,00:00:01.450,"""C'est le fond sonore qu'est agréable""",,fond-sonore-agreable,40,"./convert.sh SgIfmMamK8k fond-sonore-agreable 00:00:44.150 00:00:01.450 ""C'est le fond sonore qu'est agréable"" 40",Guenièvre,Arthur,,,
Y,S01E07,SgIfmMamK8k,00:00:51.350,00:00:02.900,"""Ah bah peut-être mais je pourrais pas vous dire ça""",,je-pourrais-pas-vous-dire-ca,40,"./convert.sh SgIfmMamK8k je-pourrais-pas-vous-dire-ca 00:00:51.350 00:00:02.900 ""Ah bah peut-être mais je pourrais pas vous dire ça"" 40",Buzit le Barde,Séli,,,
Y,S01E07,SgIfmMamK8k,00:00:57.350,00:00:02.000,"""J'ai pas le détail""",,jai-pas-le-detail,54,"./convert.sh SgIfmMamK8k jai-pas-le-detail 00:00:57.350 00:00:02.000 ""J'ai pas le détail"" 54",Buzit le Barde,Guenièvre,,,
Y,S01E07,SgIfmMamK8k,00:01:02.350,00:00:02.750,"""Allez-y roulez roulez""",,roulez-roulez,54,"./convert.sh SgIfmMamK8k roulez-roulez 00:01:02.350 00:00:02.750 ""Allez-y roulez roulez"" 54",Guenièvre,Arthur,,,
Y,S01E07,SgIfmMamK8k,00:01:23.500,00:00:02.300,"""Vous en avez encore beaucoup du sensationnel comme ça ?""",,beaucoup-sensationnel-comme-ca,40,"./convert.sh SgIfmMamK8k beaucoup-sensationnel-comme-ca 00:01:23.500 00:00:02.300 ""Vous en avez encore beaucoup du sensationnel comme ça ?"" 40",Arthur,Guenièvre,,,
Y,S01E07,SgIfmMamK8k,00:01:33.000,00:00:01.000,"""Parce qu'il bouffe en plus ?""",,bouffe-en-plus,46,"./convert.sh SgIfmMamK8k bouffe-en-plus 00:01:33.000 00:00:01.000 ""Parce qu'il bouffe en plus ?"" 46",Arthur,Guenièvre,,,
Y,S01E07,SgIfmMamK8k,00:03:20.250,00:00:03.400,"""Je l'ai perdu""",,je-lai-perdu,54,"./convert.sh SgIfmMamK8k je-lai-perdu 00:03:20.250 00:00:03.400 ""Je l'ai perdu"" 54",Buzit le Barde,Arthur,,,
Y,S01E08,_3rBat1eByY,00:00:10.400,00:00:03.000,"""Non non mais c'est rien c'est rien c'était pour tester la corne""",,tester-la-corne,40,"./convert.sh _3rBat1eByY tester-la-corne 00:00:10.400 00:00:03.000 ""Non non mais c'est rien c'est rien c'était pour tester la corne"" 40",Arthur,Lancelot du Lac,Léodagan,Kay,
Y,S01E08,_3rBat1eByY,00:01:06.800,00:00:02.300,"""Bah si on vous emmerde vous prevenez""",,emmerde-vous-prevenez,40,"./convert.sh _3rBat1eByY emmerde-vous-prevenez 00:01:06.800 00:00:02.300 ""Bah si on vous emmerde vous prevenez"" 40",Arthur,Lancelot du Lac,Léodagan,Kay,
Y,S01E08,_3rBat1eByY,00:01:17.750,00:00:03.400,"""C'est quand même magnifique une armée bien coordonnée""",,armee-bien-coordonnee,40,"./convert.sh _3rBat1eByY armee-bien-coordonnee 00:01:17.750 00:00:03.400 ""C'est quand même magnifique une armée bien coordonnée"" 40",Léodagan,Arthur,Lancelot du Lac,Kay,
Y,S01E08,_3rBat1eByY,00:01:25.550,00:00:01.400,"""Ils ont du mal avec le code""",,du-mal-avec-le-code,46,"./convert.sh _3rBat1eByY du-mal-avec-le-code 00:01:25.550 00:00:01.400 ""Ils ont du mal avec le code"" 46",Lancelot du Lac,Arthur,Léodagan,Kay,
Y,S01E08,_3rBat1eByY,00:01:34.250,00:00:01.400,"""En plus il est clair ce code""",,clair-ce-code,46,"./convert.sh _3rBat1eByY clair-ce-code 00:01:34.250 00:00:01.400 ""En plus il est clair ce code"" 46",Lancelot du Lac,Arthur,Léodagan,Kay,
Y,S01E08,_3rBat1eByY,00:02:26.800,00:00:04.800,"""Sortez vous les doigts du cul""",,sortez-les-doigts-du-cul,46,"./convert.sh _3rBat1eByY sortez-les-doigts-du-cul 00:02:26.800 00:00:04.800 ""Sortez vous les doigts du cul"" 46",Arthur,Lancelot du Lac,Léodagan,Kay,
Y,S01E08,_3rBat1eByY,00:03:13.650,00:00:03.800,"""Je suis chef de guerre moi, je suis pas là pour secouer des drapeaux ou jouer de la trompette""",,suis-chef-de-guerre-moi,30,"./convert.sh _3rBat1eByY suis-chef-de-guerre-moi 00:03:13.650 00:00:03.800 ""Je suis chef de guerre moi, je suis pas là pour secouer des drapeaux ou jouer de la trompette"" 30",Arthur,Lancelot du Lac,Léodagan,Kay,
Y,S02E07,mtQSDNeL70o,00:00:29.750,00:00:02.000,"""Pause""",,pause,54,"./convert.sh mtQSDNeL70o pause 00:00:29.750 00:00:02.000 ""Pause"" 54",Lancelot du Lac,,,,
Y,S02E07,mtQSDNeL70o,00:02:11.500,00:00:02.200,"""Oui bah j'ai compris""",,bah-jai-compris,54,"./convert.sh mtQSDNeL70o bah-jai-compris 00:02:11.500 00:00:02.200 ""Oui bah j'ai compris"" 54",Calogrenant,,,,
Y,S02E07,mtQSDNeL70o,00:02:25.500,00:00:02.300,"""Mais comment pourquoi faire ?""",,comment-pourquoi-faire,46,"./convert.sh mtQSDNeL70o comment-pourquoi-faire 00:02:25.500 00:00:02.300 ""Mais comment pourquoi faire ?"" 46",Arthur,,,,
Y,S02E07,mtQSDNeL70o,00:02:30.500,00:00:01.500,"""Mais quoi quoi ?""",,mais-quoi-quoi,54,"./convert.sh mtQSDNeL70o mais-quoi-quoi 00:02:30.500 00:00:01.500 ""Mais quoi quoi ?"" 54",Arthur,,,,
Y,S01E09,ry7PyanpXxs,00:00:23.500,00:00:03.300,"""Ouais c'est aujourd'hui je crois""",,cest-aujourdhui-je-crois,40,"./convert.sh ry7PyanpXxs cest-aujourdhui-je-crois 00:00:23.500 00:00:03.300 ""Ouais c'est aujourd'hui je crois"" 40",Arthur,Guenièvre,,,
Y,S01E09,ry7PyanpXxs,00:00:40.350,00:00:02.000,"""Vous allez me faire le plaisir de vous secouer un peu les miches""",,secouer-un-peu-les-miches,40,"./convert.sh ry7PyanpXxs secouer-un-peu-les-miches 00:00:40.350 00:00:02.000 ""Vous allez me faire le plaisir de vous secouer un peu les miches"" 40",Le Maître d'Armes,,,,
Y,S01E09,ry7PyanpXxs,00:01:03.150,00:00:01.850,"""S'il faut ça pour vous réveiller ça m'fait pas peur""",,reveiller-fait-pas-peur,40,"./convert.sh ry7PyanpXxs reveiller-fait-pas-peur 00:01:03.150 00:00:01.850 ""S'il faut ça pour vous réveiller ça m'fait pas peur"" 40",Le Maître d'Armes,,,,
Y,S01E09,ry7PyanpXxs,00:01:05.050,00:00:02.100,"""Vous êtes quand même bien allumé""",,vous-etes-bien-allume,40,"./convert.sh ry7PyanpXxs vous-etes-bien-allume 00:01:05.050 00:00:02.100 ""Vous êtes quand même bien allumé"" 40",Arthur,,,,
Y,S01E09,ry7PyanpXxs,00:01:07.200,00:00:01.200,"""En garde ma mignonne""",,en-garde-ma-mignonne,54,"./convert.sh ry7PyanpXxs en-garde-ma-mignonne 00:01:07.200 00:00:01.200 ""En garde ma mignonne"" 54",Le Maître d'Armes,,,,
Y,S01E09,ry7PyanpXxs,00:01:20.120,00:00:02.400,"""C'est pas le tout d'avoir une épée magique pas vrai, encore faut-il s'avoir s'en servir""",,epee-magique-sen-servir,36,"./convert.sh ry7PyanpXxs epee-magique-sen-servir 00:01:20.120 00:00:02.400 ""C'est pas le tout d'avoir une épée magique pas vrai, encore faut-il s'avoir s'en servir"" 36",Le Maître d'Armes,Arthur,,,
Y,S01E09,ry7PyanpXxs,00:01:22.550,00:00:02.000,"""Ne me prenez pas trop pour une bleusaille quand même""",,prenez-bleusaille-quand-meme,40,"./convert.sh ry7PyanpXxs prenez-bleusaille-quand-meme 00:01:22.550 00:00:02.000 ""Ne me prenez pas trop pour une bleusaille quand même"" 40",Arthur,Le Maître d'Armes,,,
Y,S01E09,ry7PyanpXxs,00:01:29.000,00:00:01.150,"""Petite pucelle""",,petite-pucelle,54,"./convert.sh ry7PyanpXxs petite-pucelle 00:01:29.000 00:00:01.150 ""Petite pucelle"" 54",Le Maître d'Armes,,,,
Y,S01E09,ry7PyanpXxs,00:02:23.350,00:00:02.500,"""Fils d'unijambiste""",,fils-dunijambiste,54,"./convert.sh ry7PyanpXxs fils-dunijambiste 00:02:23.350 00:00:02.500 ""Fils d'unijambiste"" 54",Le Maître d'Armes,Arthur,,,
Y,S01E09,ry7PyanpXxs,00:03:18.850,00:00:02.600,"""Okay alors là ça va être un bain de sang""",,va-etre-bain-de-sang,40,"./convert.sh ry7PyanpXxs va-etre-bain-de-sang 00:03:18.850 00:00:02.600 ""Okay alors là ça va être un bain de sang"" 40",Arthur,,,,
Y,S01E10,e0i-ETSUwSc,00:00:06.950,00:00:01.500,"""Il va y avoir du sport moi je vous le dis""",,sport-je-vous-le-dis,40,"./convert.sh e0i-ETSUwSc sport-je-vous-le-dis 00:00:06.950 00:00:01.500 ""Il va y avoir du sport moi je vous le dis"" 40",Arthur,Guenièvre,,,
Y,S01E10,e0i-ETSUwSc,00:00:11.350,00:00:02.500,"""Nan nan commencez pas""",,nan-commencez-pas,54,"./convert.sh e0i-ETSUwSc nan-commencez-pas 00:00:11.350 00:00:02.500 ""Nan nan commencez pas"" 54",Arthur,Guenièvre,,,
Y,S01E10,e0i-ETSUwSc,00:01:00.000,00:00:03.200,"""Je croyais que c'était pour ça que vous étiez content""",,pour-ca-etiez-content,40,"./convert.sh e0i-ETSUwSc pour-ca-etiez-content 00:01:00.000 00:00:03.200 ""Je croyais que c'était pour ça que vous étiez content"" 40",Perceval,Léodagan,,,
Y,S01E10,e0i-ETSUwSc,00:01:16.600,00:00:03.000,"""Non c'est moi qui suis abruti, vous comprenez quelque chose vous ?""",,moi-abruti-comprenez-vous,36,"./convert.sh e0i-ETSUwSc moi-abruti-comprenez-vous 00:01:16.600 00:00:03.000 ""Non c'est moi qui suis abruti, vous comprenez quelque chose vous ?"" 36",Arthur,Léodagan,,,
Y,S01E10,e0i-ETSUwSc,00:01:52.750,00:00:01.500,"""Mais cédé pour combien ?""",,cede-pour-combien,54,"./convert.sh e0i-ETSUwSc cede-pour-combien 00:01:52.750 00:00:01.500 ""Mais cédé pour combien ?"" 54",Arthur,Léodagan,,,
Y,S01E10,e0i-ETSUwSc,00:02:23.150,00:00:01.400,"""Peut-être qu'ils vont juste y mettre des petits cabanons""",,mettre-petits-cabanons,40,"./convert.sh e0i-ETSUwSc mettre-petits-cabanons 00:02:23.150 00:00:01.400 ""Peut-être qu'ils vont juste y mettre des petits cabanons"" 40",Perceval,Bohort,,,
Y,S01E10,e0i-ETSUwSc,00:02:32.250,00:00:01.500,"""Vous êtes fiers de vous ?""",,fiers-de-vous,54,"./convert.sh e0i-ETSUwSc fiers-de-vous 00:02:32.250 00:00:01.500 ""Vous êtes fiers de vous ?"" 54",Arthur,Léodagan,,,
Y,S01E11,FvimtNRAtIU,00:00:32.150,00:00:01.700,"""Vous occupez vous de votre cuillère ça vaut mieux""",,occupez-vous-de-votre-cuillere,40,"./convert.sh FvimtNRAtIU occupez-vous-de-votre-cuillere 00:00:32.150 00:00:01.700 ""Vous occupez vous de votre cuillère ça vaut mieux"" 40",Séli,Yvain,,,
Y,S01E11,FvimtNRAtIU,00:00:35.800,00:00:01.850,"""Je vous demande pas de me soutenir ça serait miraculeux""",,soutenir-miraculeux,40,"./convert.sh FvimtNRAtIU soutenir-miraculeux 00:00:35.800 00:00:01.850 ""Je vous demande pas de me soutenir ça serait miraculeux"" 40",Séli,Yvain,,,
Y,S01E11,FvimtNRAtIU,00:00:33.900,00:00:01.850,"""Vous m'avez l'air en forme hein vous ce soir""",,en-forme-vous-ce-soir,40,"./convert.sh FvimtNRAtIU en-forme-vous-ce-soir 00:00:33.900 00:00:01.850 ""Vous m'avez l'air en forme hein vous ce soir"" 40",Guenièvre,Léodagan,,,
Y,S01E11,FvimtNRAtIU,00:01:01.850,00:00:02.000,"""Dites tout de suite qu'on est des poids""",,on-est-des-poids,40,"./convert.sh FvimtNRAtIU on-est-des-poids 00:01:01.850 00:00:02.000 ""Dites tout de suite qu'on est des poids"" 40",Guenièvre,Léodagan,,,
Y,S01E11,FvimtNRAtIU,00:01:27.080,00:00:01.400,"""Je l'ai pas dit fort hein""",,pas-dit-fort-hein,54,"./convert.sh FvimtNRAtIU pas-dit-fort-hein 00:01:27.080 00:00:01.400 ""Je l'ai pas dit fort hein"" 54",Guenièvre,Léodagan,,,
Y,S01E11,FvimtNRAtIU,00:01:41.000,00:00:03.000,"""Vous on vous a rien demandé espèce de grosse conne""",,rien-demande-grosse-conne,40,"./convert.sh FvimtNRAtIU rien-demande-grosse-conne 00:01:41.000 00:00:03.000 ""Vous on vous a rien demandé espèce de grosse conne"" 40",Séli,Yvain,,,
Y,S01E12,qKUsMcnVLDE,00:00:38.300,00:00:02.150,"""Mais absolument pas""",,mais-absolument-pas,54,"./convert.sh qKUsMcnVLDE mais-absolument-pas 00:00:38.300 00:00:02.150 ""Mais absolument pas"" 54",Arthur,,,,
Y,S01E12,qKUsMcnVLDE,00:00:59.720,00:00:00.950,"""Bah si elle veut pas on va pas la forcer""",,veut-pas-pas-la-forcer,40,"./convert.sh qKUsMcnVLDE veut-pas-pas-la-forcer 00:00:59.720 00:00:00.950 ""Bah si elle veut pas on va pas la forcer"" 40",Perceval,Karadoc,,,
Y,S01E12,qKUsMcnVLDE,00:01:45.550,00:00:01.450,"""Vous allez fermer vos mouilles oui""",,fermer-vos-mouilles,40,"./convert.sh qKUsMcnVLDE fermer-vos-mouilles 00:01:45.550 00:00:01.450 ""Vous allez fermer vos mouilles oui"" 40",Arthur,La dame du Lac,,,
Y,S01E12,qKUsMcnVLDE,00:01:54.050,00:00:03.000,"""C'est quand même pas facile à comprendre, faut se mettre à leur place""",,pas-facile-comprendre-mettre-place,36,"./convert.sh qKUsMcnVLDE pas-facile-comprendre-mettre-place 00:01:54.050 00:00:03.000 ""C'est quand même pas facile à comprendre, faut se mettre à leur place"" 36",Arthur,La dame du Lac,,,
Y,S01E12,qKUsMcnVLDE,00:01:59.450,00:00:03.400,"""""",Arthur craque,arthur-craque,54,"./convert.sh qKUsMcnVLDE arthur-craque 00:01:59.450 00:00:03.400 """" 54",Arthur,La dame du Lac,,,
Y,S01E12,qKUsMcnVLDE,00:02:05.000,00:00:01.700,"""Voilà, ça s'est pas trop mal passé""",,pas-trop-mal-passe,40,"./convert.sh qKUsMcnVLDE pas-trop-mal-passe 00:02:05.000 00:00:01.700 ""Voilà, ça s'est pas trop mal passé"" 40",Arthur,Perceval,,,
Y,S01E12,qKUsMcnVLDE,00:02:06.750,00:00:01.500,"""Ah bah nous au bon d'un moment on a préféré plus rien dire""",,prefere-plus-rien-dire,40,"./convert.sh qKUsMcnVLDE prefere-plus-rien-dire 00:02:06.750 00:00:01.500 ""Ah bah nous au bon d'un moment on a préféré plus rien dire"" 40",Karadoc,Perceval,,,
Y,S01E12,qKUsMcnVLDE,00:02:14.750,00:00:04.000,"""Taisez-vous parce que là... chut écoutez""",,taisez-vous-parce-que-la,40,"./convert.sh qKUsMcnVLDE taisez-vous-parce-que-la 00:02:14.750 00:00:04.000 ""Taisez-vous parce que là... chut écoutez"" 40",Arthur,,,,
Y,S01E12,qKUsMcnVLDE,00:02:27.800,00:00:02.000,"""J'ai rien compris""",,rien-compris,54,"./convert.sh qKUsMcnVLDE rien-compris 00:02:27.800 00:00:02.000 ""J'ai rien compris"" 54",Perceval,Karadoc,Arthur,,
Y,S01E12,qKUsMcnVLDE,00:02:30.050,00:00:01.950,"""Non ou alors c'est moi ? Non moi non plus j'ai rien compris""",,cest-moi-non-rien-compris,40,"./convert.sh qKUsMcnVLDE cest-moi-non-rien-compris 00:02:30.050 00:00:01.950 ""Non ou alors c'est moi ? Non moi non plus j'ai rien compris"" 40",Karadoc,Perceval,,,
Y,S01E12,qKUsMcnVLDE,00:02:45.200,00:00:02.200,"""Soyez patients, ça va aller mieux""",,patient-va-aller-mieux,40,"./convert.sh qKUsMcnVLDE patient-va-aller-mieux 00:02:45.200 00:00:02.200 ""Soyez patients, ça va aller mieux"" 40",Arthur,,,,
Y,S01E12,qKUsMcnVLDE,00:02:50.450,00:00:01.550,"""A mon avis c'est pas pour après-demain""",,pas-pour-apres-demain,40,"./convert.sh qKUsMcnVLDE pas-pour-apres-demain 00:02:50.450 00:00:01.550 ""A mon avis c'est pas pour après-demain"" 40",Arthur,,,,
Y,S01E16,8meuMSKxna8,00:00:12.000,00:00:03.200,"""Ils sont pas 50, ils sont 2000""",,pas-cinquante-deux-mille,46,"./convert.sh 8meuMSKxna8 pas-cinquante-deux-mille 00:00:12.000 00:00:03.200 ""Ils sont pas 50, ils sont 2000"" 46",Léodagan,Séli,,,
Y,S01E16,8meuMSKxna8,00:00:39.800,00:00:03.050,"""De la viande, de la viande, de la viande. Cuite dans sa graisse""",,viande-cuite-graisse,40,"./convert.sh 8meuMSKxna8 viande-cuite-graisse 00:00:39.800 00:00:03.050 ""De la viande, de la viande, de la viande. Cuite dans sa graisse"" 40",Venec,Léodagan,,,
Y,S01E16,8meuMSKxna8,00:01:06.280,00:00:00.880,"""3 porcs ?""",,trois-porcs,54,"./convert.sh 8meuMSKxna8 trois-porcs 00:01:06.280 00:00:00.880 ""3 porcs ?"" 54",Bohort,Arthur,,,
Y,S01E16,8meuMSKxna8,00:01:42.880,00:00:02.000,"""Nan nan j'y tiens pas je vous assure""",,tiens-pas-je-vous-assure,40,"./convert.sh 8meuMSKxna8 tiens-pas-je-vous-assure 00:01:42.880 00:00:02.000 ""Nan nan j'y tiens pas je vous assure"" 40",Arthur,Bohort,,,
Y,S01E16,8meuMSKxna8,00:01:44.880,00:00:02.250,"""Je trouve ça d'une vulgarité sans précédent""",,vulgarite-sans-precedent,40,"./convert.sh 8meuMSKxna8 vulgarite-sans-precedent 00:01:44.880 00:00:02.250 ""Je trouve ça d'une vulgarité sans précédent"" 40",Bohort,Arthur,,,
Y,S01E16,8meuMSKxna8,00:02:15.480,00:00:03.040,"""Et bah je prends le risque, j'aime pas l'image que ça donne de nous""",,prend-risque-image-donne-nous,36,"./convert.sh 8meuMSKxna8 prend-risque-image-donne-nous 00:02:15.480 00:00:03.040 ""Et bah je prends le risque, j'aime pas l'image que ça donne de nous"" 36",Arthur,Bohort,,,
Y,S01E16,8meuMSKxna8,00:02:22.520,00:00:02.200,"""Boooouh hiiii""",,bouh-hi,54,"./convert.sh 8meuMSKxna8 bouh-hi 00:02:22.520 00:00:02.200 ""Boooouh hiiii"" 54",Venec,Léodagan,,,
Y,S01E16,8meuMSKxna8,00:02:32.120,00:00:02.440,"""Bon j'ai pris ma décision non c'est non point final""",,non-cest-non-point-final,40,"./convert.sh 8meuMSKxna8 non-cest-non-point-final 00:02:32.120 00:00:02.440 ""Bon j'ai pris ma décision non c'est non point final"" 40",Arthur,Bohort,,,
Y,S01E17,wL-7dPhSwHM,00:00:15.040,00:00:05.000,"""C'est un corbeau décédé""",,corbeau-decede,54,"./convert.sh wL-7dPhSwHM corbeau-decede 00:00:15.040 00:00:05.000 ""C'est un corbeau décédé"" 54",Grüdü,Arthur,,,
Y,S01E17,wL-7dPhSwHM,00:00:42.440,00:00:02.700,"""A la limite y'a ça mais ça colle pas tout à fait""",,ca-colle-pas-tout-a-fait,40,"./convert.sh wL-7dPhSwHM ca-colle-pas-tout-a-fait 00:00:42.440 00:00:02.700 ""A la limite y'a ça mais ça colle pas tout à fait"" 40",Merlin,Arthur,,,
Y,S01E17,wL-7dPhSwHM,00:00:51.560,00:00:03.500,"""Ah bah c'est plutôt mauvais quand même""",,plutot-mauvais-quand-meme,40,"./convert.sh wL-7dPhSwHM plutot-mauvais-quand-meme 00:00:51.560 00:00:03.500 ""Ah bah c'est plutôt mauvais quand même"" 40",Arthur,Merlin,,,
Y,S01E17,wL-7dPhSwHM,00:01:33.800,00:00:02.950,"""Ensuite... Plus rien""",,ensuite-plus-rien,54,"./convert.sh wL-7dPhSwHM ensuite-plus-rien 00:01:33.800 00:00:02.950 ""Ensuite... Plus rien"" 54",Merlin,Séli,,,
Y,S01E17,wL-7dPhSwHM,00:02:33.160,00:00:02.400,"""Qu'est-ce que vous me chantez ?""",,quest-ce-que-vous-me-chantez,40,"./convert.sh wL-7dPhSwHM quest-ce-que-vous-me-chantez 00:02:33.160 00:00:02.400 ""Qu'est-ce que vous me chantez ?"" 40",Arthur,,,,
Y,S01E18,B9wdMnOzy24,00:00:10.350,00:00:03.400,"""Hé il est pas beau mon Graal""",,pas-beau-mon-graal,46,"./convert.sh B9wdMnOzy24 pas-beau-mon-graal 00:00:10.350 00:00:03.400 ""Hé il est pas beau mon Graal"" 46",Le Tavernier,Karadoc,Perceval,,
Y,S01E18,B9wdMnOzy24,00:00:40.440,00:00:01.560,"""Je sens que ça va encore être capital""",,va-encore-etre-capital,40,"./convert.sh B9wdMnOzy24 va-encore-etre-capital 00:00:40.440 00:00:01.560 ""Je sens que ça va encore être capital"" 40",Léodagan,Galessin,,,
Y,S01E18,B9wdMnOzy24,00:01:11.000,00:00:05.000,"""Ca fait plaisir de voir que ça avance""",,plaisir-voir-avance,40,"./convert.sh B9wdMnOzy24 plaisir-voir-avance 00:01:11.000 00:00:05.000 ""Ca fait plaisir de voir que ça avance"" 40",Arthur,Karadoc,,,
Y,S01E18,B9wdMnOzy24,00:02:28.480,00:00:02.200,"""Non moi je m'occupe de mon cas c'est déjà pas mal""",,occupe-de-mon-cas-pas-mal,40,"./convert.sh B9wdMnOzy24 occupe-de-mon-cas-pas-mal 00:02:28.480 00:00:02.200 ""Non moi je m'occupe de mon cas c'est déjà pas mal"" 40",Perceval,Bohort,,,
Y,S01E19,6WFTz9_64I4,00:01:46.200,00:00:01.120,"""Vous voulez vraiment qu'on parle de ça ?""",,vraiment-on-parle-de-ca,40,"./convert.sh 6WFTz9_64I4 vraiment-on-parle-de-ca 00:01:46.200 00:00:01.120 ""Vous voulez vraiment qu'on parle de ça ?"" 40",Arthur,Guenièvre,,,
Y,S01E19,6WFTz9_64I4,00:02:02.340,00:00:02.140,"""Si quelqu'un trouve à redire à mon caractère c'est pas à vous qu'il doit s'adresser""",,trouve-redire-mon-caractere,36,"./convert.sh 6WFTz9_64I4 trouve-redire-mon-caractere 00:02:02.340 00:00:02.140 ""Si quelqu'un trouve à redire à mon caractère c'est pas à vous qu'il doit s'adresser"" 36",Arthur,Guenièvre,,,
Y,S01E19,6WFTz9_64I4,00:02:06.440,00:00:01.880,"""Il la ferme et s'il est pas content il déménage""",,ferme-pas-content-demenage,40,"./convert.sh 6WFTz9_64I4 ferme-pas-content-demenage 00:02:06.440 00:00:01.880 ""Il la ferme et s'il est pas content il déménage"" 40",Arthur,Guenièvre,,,
Y,S01E19,6WFTz9_64I4,00:02:19.360,00:00:02.160,"""Vous êtes content et puis dans 3 jours vous serez pas content""",,content-trois-jours-pas-content,40,"./convert.sh 6WFTz9_64I4 content-trois-jours-pas-content 00:02:19.360 00:00:02.160 ""Vous êtes content et puis dans 3 jours vous serez pas content"" 40",Arthur,Guenièvre,,,
Y,S01E19,6WFTz9_64I4,00:02:26.480,00:00:03.200,"""Ah vous ne commencez pas à faire chier c'est pas le soir""",,faire-chier-pas-le-soir,40,"./convert.sh 6WFTz9_64I4 faire-chier-pas-le-soir 00:02:26.480 00:00:03.200 ""Ah vous ne commencez pas à faire chier c'est pas le soir"" 40",Arthur,Demetra,,,
Y,S01E19,6WFTz9_64I4,00:02:29.960,00:00:02.360,"""Excusez-moi""",,excusez-moi,54,"./convert.sh 6WFTz9_64I4 excusez-moi 00:02:29.960 00:00:02.360 ""Excusez-moi"" 54",Demetra,Arthur,,,
Y,S01E20,d5bfvkkZ12A,00:01:02.040,00:00:02.320,"""Allez une petite en vitesse et on y va parce qu'ils vont nous attendre""",,petite-en-vitesse-vont-nous-attendre,36,"./convert.sh d5bfvkkZ12A petite-en-vitesse-vont-nous-attendre 00:01:02.040 00:00:02.320 ""Allez une petite en vitesse et on y va parce qu'ils vont nous attendre"" 36",Perceval,Karadoc,,,
Y,S01E20,d5bfvkkZ12A,00:01:14.080,00:00:01.640,"""C'est rapport à la magie""",,rapport-a-la-magie,54,"./convert.sh d5bfvkkZ12A rapport-a-la-magie 00:01:14.080 00:00:01.640 ""C'est rapport à la magie"" 54",Karadoc,Perceval,,,
Y,S01E20,d5bfvkkZ12A,00:01:28.440,00:00:01.320,"""Oui un genre de malédiction""",,genre-de-malediction,46,"./convert.sh d5bfvkkZ12A genre-de-malediction 00:01:28.440 00:00:01.320 ""Oui un genre de malédiction"" 46",Le Tavernier,Karadoc,Perceval,,
Y,S01E20,d5bfvkkZ12A,00:01:48.760,00:00:02.760,"""Je trouve qu'on nous prend un peu trop souvent pour des cons en moment""",,prend-trop-souvent-cons-en-ce-moment,36,"./convert.sh d5bfvkkZ12A prend-trop-souvent-cons-en-ce-moment 00:01:48.760 00:00:02.760 ""Je trouve qu'on nous prend un peu trop souvent pour des cons en moment"" 36",Karadoc,Le Tavernier,,,
Y,S01E20,d5bfvkkZ12A,00:01:55.240,00:00:01.520,"""Ah non mais je touche pas à ça moi""",,touche-pas-a-ca-moi,40,"./convert.sh d5bfvkkZ12A touche-pas-a-ca-moi 00:01:55.240 00:00:01.520 ""Ah non mais je touche pas à ça moi"" 40",Le Tavernier,Karadoc,,,
Y,S01E20,d5bfvkkZ12A,00:02:11.960,00:00:02.440,"""Alors ça vient ?""",,alors-ca-vient,54,"./convert.sh d5bfvkkZ12A alors-ca-vient 00:02:11.960 00:00:02.440 ""Alors ça vient ?"" 54",Arthur,Lancelot du Lac,Léodagan,Kay,Merlin
Y,S01E20,d5bfvkkZ12A,00:02:46.120,00:00:02.440,"""Ils se marrent ils sont en train de se payer nos têtes""",,marre-payer-nos-tetes,40,"./convert.sh d5bfvkkZ12A marre-payer-nos-tetes 00:02:46.120 00:00:02.440 ""Ils se marrent ils sont en train de se payer nos têtes"" 40",Lancelot du Lac,Arthur,Léodagan,Kay,Merlin
Y,S01E21,7kL8Q0xx2MY,00:00:41.560,00:00:02.840,"""S'il faut payer, je paie. Y'a pas de problème""",,payer-je-paie-pas-de-probleme,40,"./convert.sh 7kL8Q0xx2MY payer-je-paie-pas-de-probleme 00:00:41.560 00:00:02.840 ""S'il faut payer, je paie. Y'a pas de problème"" 40",Jacca,,,,
Y,S01E21,7kL8Q0xx2MY,00:00:44.440,00:00:01.600,"""Bah y'a pas de problème alors""",,pas-de-probleme-alors,46,"./convert.sh 7kL8Q0xx2MY pas-de-probleme-alors 00:00:44.440 00:00:01.600 ""Bah y'a pas de problème alors"" 46",Arthur,,,,
Y,S01E21,7kL8Q0xx2MY,00:00:53.800,00:00:01.520,"""Ca me tombe dessus comme une merde sur une planche""",,dessus-comme-une-merde-planche,40,"./convert.sh 7kL8Q0xx2MY dessus-comme-une-merde-planche 00:00:53.800 00:00:01.520 ""Ca me tombe dessus comme une merde sur une planche"" 40",Jacca,,,,
Y,S01E21,7kL8Q0xx2MY,00:01:09.880,00:00:02.560,"""Oui mais enfin là, je vais mieux""",,la-je-vais-mieux,40,"./convert.sh 7kL8Q0xx2MY la-je-vais-mieux 00:01:09.880 00:00:02.560 ""Oui mais enfin là, je vais mieux"" 40",Jacca,,,,
Y,S01E21,7kL8Q0xx2MY,00:02:05.960,00:00:01.960,"""Il est tellement bigleux qu'il trouverait même pas sa bite pour pisser""",,bigleux-bite-pisser,36,"./convert.sh 7kL8Q0xx2MY bigleux-bite-pisser 00:02:05.960 00:00:01.960 ""Il est tellement bigleux qu'il trouverait même pas sa bite pour pisser"" 36",Jacca,,,,
Y,S01E21,7kL8Q0xx2MY,00:02:09.680,00:00:01.280,"""C'est sur le coup du...""",,sur-le-coup-du,54,"./convert.sh 7kL8Q0xx2MY sur-le-coup-du 00:02:09.680 00:00:01.280 ""C'est sur le coup du..."" 54",Jacca,,,,
Y,S01E21,7kL8Q0xx2MY,00:03:23.680,00:00:03.800,"""Je les ai pendus à un arbre, ça les a fait sécher ces trous-du-cul""",,pendus-arbre-secher-trous-du-cul,36,"./convert.sh 7kL8Q0xx2MY pendus-arbre-secher-trous-du-cul 00:03:23.680 00:00:03.800 ""Je les ai pendus à un arbre, ça les a fait sécher ces trous-du-cul"" 36",Jacca,,,,
Y,S01E21,7kL8Q0xx2MY,00:01:05.120,00:00:02.280,"""Non c'est vrai, j'ai été pas mal malade""",,pas-mal-malade,40,"./convert.sh 7kL8Q0xx2MY pas-mal-malade 00:01:05.120 00:00:02.280 ""Non c'est vrai, j'ai été pas mal malade"" 40",Jacca,,,,
Y,S01E04,zGDpLMPirsc,00:00:11.620,00:00:02.280,"""Sinon hésitez pas""",,sinon-hesitez-pas,54,"./convert.sh zGDpLMPirsc sinon-hesitez-pas 00:00:11.620 00:00:02.280 ""Sinon hésitez pas"" 54",Arthur,Karadoc,,,
Y,S01E04,zGDpLMPirsc,00:00:29.820,00:00:01.950,"""Si si, j'en ai entendu parler moi""",,si-si-jen-ai-entendu-parler,40,"./convert.sh zGDpLMPirsc si-si-jen-ai-entendu-parler 00:00:29.820 00:00:01.950 ""Si si, j'en ai entendu parler moi"" 40",Arthur,Karadoc,,,
Y,S01E04,zGDpLMPirsc,00:00:42.720,00:00:00.870,"""Ca vous agace ça hein""",,ca-vous-agace-ca-hein,54,"./convert.sh zGDpLMPirsc ca-vous-agace-ca-hein 00:00:42.720 00:00:00.870 ""Ca vous agace ça hein"" 54",Galessin,Léodagan,,,
Y,S01E04,zGDpLMPirsc,00:00:52.620,00:00:02.770,"""Mais on en entend parler dans les tavernes à ivrognes, voilà""",,taverne-a-ivrognes,40,"./convert.sh zGDpLMPirsc taverne-a-ivrognes 00:00:52.620 00:00:02.770 ""Mais on en entend parler dans les tavernes à ivrognes, voilà"" 40",Lancelot du Lac,Hervé de Rinel,,,
Y,S01E04,zGDpLMPirsc,00:00:55.820,00:00:02.970,"""Je passe pas mal de temps à la taverne, j'ai jamais entendu parler de celui là""",,entendu-parler-de-celui-la,36,"./convert.sh zGDpLMPirsc entendu-parler-de-celui-la 00:00:55.820 00:00:02.970 ""Je passe pas mal de temps à la taverne, j'ai jamais entendu parler de celui là"" 36",Perceval,Bohort,,,
Y,S01E04,zGDpLMPirsc,00:01:30.820,00:00:01.970,"""C'est rien du tout voilà, il existe pas""",,voila-il-existe-pas,40,"./convert.sh zGDpLMPirsc voila-il-existe-pas 00:01:30.820 00:00:01.970 ""C'est rien du tout voilà, il existe pas"" 40",Lancelot du Lac,Hervé de Rinel,,,
Y,S01E04,zGDpLMPirsc,00:01:53.720,00:00:01.670,"""Ouais je vois ce que vous voulez dire""",,ce-que-vous-voulez-dire,40,"./convert.sh zGDpLMPirsc ce-que-vous-voulez-dire 00:01:53.720 00:00:01.670 ""Ouais je vois ce que vous voulez dire"" 40",Perceval,Bohort,,,
Y,S01E04,zGDpLMPirsc,00:01:56.450,00:00:01.300,"""Ouais ouais je me suis gourré""",,je-me-suis-gourre,46,"./convert.sh zGDpLMPirsc je-me-suis-gourre 00:01:56.450 00:00:01.300 ""Ouais ouais je me suis gourré"" 46",Perceval,Bohort,,,
Y,S01E05,35xmOj03l3k,00:00:14.920,00:00:01.870,"""Jo le rigolo ?""",,jo-le-rigolo,54,"./convert.sh 35xmOj03l3k jo-le-rigolo 00:00:14.920 00:00:01.870 ""Jo le rigolo ?"" 54",Bohort,Arthur,Léodagan,,
Y,S01E05,35xmOj03l3k,00:00:18.700,00:00:02.790,"""Y'a pas d'herbe dans la salle du trône""",,pas-herbe-salle-du-trone,40,"./convert.sh 35xmOj03l3k pas-herbe-salle-du-trone 00:00:18.700 00:00:02.790 ""Y'a pas d'herbe dans la salle du trône"" 40",Arthur,Léodagan,,,
Y,S01E05,35xmOj03l3k,00:01:13.700,00:00:01.850,"""""",Attila est pas content,attila-aaaarrgh,54,"./convert.sh 35xmOj03l3k attila-aaaarrgh 00:01:13.700 00:00:01.850 """" 54",Attila chef des Huns,,,,
Y,S01E05,35xmOj03l3k,00:01:35.050,00:00:01.110,"""Pourquoi pas ?""",,pourquoi-pas,54,"./convert.sh 35xmOj03l3k pourquoi-pas 00:01:35.050 00:00:01.110 ""Pourquoi pas ?"" 54",Attila chef des Huns,,,,
Y,S01E05,35xmOj03l3k,00:03:10.950,00:00:01.910,"""Oui non mais d'accord mais euh""",,oui-non-mais-daccord,54,"./convert.sh 35xmOj03l3k oui-non-mais-daccord 00:03:10.950 00:00:01.910 ""Oui non mais d'accord mais euh"" 54",Arthur,Léodagan,Bohort,,
Y,S05E04,ksS6aJOuKK0,00:34:46.700,00:00:08.300,"""""",Un grouillot se met derrière Yvain,se-met-derriere,54,"./convert.sh ksS6aJOuKK0 se-met-derriere 00:34:46.700 00:00:08.300 """" 54",Yvain,Gauvain,,,
Y,S05E04,ksS6aJOuKK0,00:33:39.320,00:00:02.680,"""En même temps quand quelqu'un essaye vous n'avez pas l'air de super apprécier non plus""",,quelquun-essaie-pas-apprecier,36,"./convert.sh ksS6aJOuKK0 quelquun-essaie-pas-apprecier 00:33:39.320 00:00:02.680 ""En même temps quand quelqu'un essaye vous n'avez pas l'air de super apprécier non plus"" 36",Le duc d'Aquitaine,Bohort,,,
Y,S05E04,ksS6aJOuKK0,00:33:47.720,00:00:01.360,"""C'est tout à fait pertinent""",,tout-a-fait-pertinent,46,"./convert.sh ksS6aJOuKK0 tout-a-fait-pertinent 00:33:47.720 00:00:01.360 ""C'est tout à fait pertinent"" 46",Bohort,Le duc d'Aquitaine,,,
Y,S05E04,ksS6aJOuKK0,00:33:50.560,00:00:03.400,"""C'est pour ça je pense que c'est bien de prendre 5 min pour se dire les choses""",,prendre-cinq-minutes-dire-choses,36,"./convert.sh ksS6aJOuKK0 prendre-cinq-minutes-dire-choses 00:33:50.560 00:00:03.400 ""C'est pour ça je pense que c'est bien de prendre 5 min pour se dire les choses"" 36",Le duc d'Aquitaine,Bohort,,,
Y,S05E04,ksS6aJOuKK0,00:34:59.400,00:00:02.280,"""Attention je trouve l'expérience extraordinaire""",,trouve-experience-extraordinaire,40,"./convert.sh ksS6aJOuKK0 trouve-experience-extraordinaire 00:34:59.400 00:00:02.280 ""Attention je trouve l'expérience extraordinaire"" 40",Le duc d'Aquitaine,Bohort,,,
Y,S05E04,ksS6aJOuKK0,00:35:10.480,00:00:02.760,"""A la notion ambitionnelle""",,notion-ambitionnelle,54,"./convert.sh ksS6aJOuKK0 notion-ambitionnelle 00:35:10.480 00:00:02.760 ""A la notion ambitionnelle"" 54",Le duc d'Aquitaine,Bohort,,,
Y,S05E04,ksS6aJOuKK0,00:35:16.200,00:00:02.140,"""La carrière""",,la-carriere,54,"./convert.sh ksS6aJOuKK0 la-carriere 00:35:16.200 00:00:02.140 ""La carrière"" 54",Le duc d'Aquitaine,Bohort,,,
Y,S05E04,ksS6aJOuKK0,00:35:13.280,00:00:01.760,"""Là on est sur du terme qui veut rien dire""",,terme-veut-rien-dire,40,"./convert.sh ksS6aJOuKK0 terme-veut-rien-dire 00:35:13.280 00:00:01.760 ""Là on est sur du terme qui veut rien dire"" 40",Le duc d'Aquitaine,Bohort,,,
Y,S05E04,ksS6aJOuKK0,00:35:36.000,00:00:05.520,"""Bah, nan c'est parce que, vous venez de dire mot pour mot ce que je viens de dire""",,mot-pour-mot-vient-dire,36,"./convert.sh ksS6aJOuKK0 mot-pour-mot-vient-dire 00:35:36.000 00:00:05.520 ""Bah, nan c'est parce que, vous venez de dire mot pour mot ce que je viens de dire"" 36",Le duc d'Aquitaine,Bohort,,,
Y,S05E04,ksS6aJOuKK0,00:35:51.760,00:00:02.600,"""A moins d'un pépin, y'a peu de chance que ça marche""",,pepin-peu-de-chance-marche,40,"./convert.sh ksS6aJOuKK0 pepin-peu-de-chance-marche 00:35:51.760 00:00:02.600 ""A moins d'un pépin, y'a peu de chance que ça marche"" 40",Arthur,Père Blaise,,,
Y,S05E04,ksS6aJOuKK0,00:36:03.200,00:00:01.800,"""Une mise en scène de l'échec""",,mise-en-scene-echec,46,"./convert.sh ksS6aJOuKK0 mise-en-scene-echec 00:36:03.200 00:00:01.800 ""Une mise en scène de l'échec"" 46",Le duc d'Aquitaine,,,,
Y,S05E04,ksS6aJOuKK0,00:36:09.960,00:00:03.560,"""Je ne parle de l'échec notion, je parle bel et bien de l'échec épreuve""",,echec-notion-echec-epreuve,36,"./convert.sh ksS6aJOuKK0 echec-notion-echec-epreuve 00:36:09.960 00:00:03.560 ""Je ne parle de l'échec notion, je parle bel et bien de l'échec épreuve"" 36",Le duc d'Aquitaine,Bohort,,,
Y,S05E04,ksS6aJOuKK0,00:36:15.240,00:00:03.760,"""Pour paraphraser audacieusement notre ami""",,paraphraser-audacieusement-ami,40,"./convert.sh ksS6aJOuKK0 paraphraser-audacieusement-ami 00:36:15.240 00:00:03.760 ""Pour paraphraser audacieusement notre ami"" 40",Bohort,Le duc d'Aquitaine,,,
Y,S05E04,ksS6aJOuKK0,00:36:19.080,00:00:05.840,"""Wowowo, mais oui, il a raison""",,oui-il-a-raison,46,"./convert.sh ksS6aJOuKK0 oui-il-a-raison 00:36:19.080 00:00:05.840 ""Wowowo, mais oui, il a raison"" 46",Le duc d'Aquitaine,,,,
Y,S05E04,ksS6aJOuKK0,00:37:16.000,00:00:01.720,"""Ah non moi je suis plutôt pour hein""",,je-suis-plutot-pour,40,"./convert.sh ksS6aJOuKK0 je-suis-plutot-pour 00:37:16.000 00:00:01.720 ""Ah non moi je suis plutôt pour hein"" 40",Bohort,Le duc d'Aquitaine,,,
Y,S05E04,ksS6aJOuKK0,00:37:20.260,00:00:01.300,"""Vous y allez vous y allez pas ?""",,allez-y-allez-pas,40,"./convert.sh ksS6aJOuKK0 allez-y-allez-pas 00:37:20.260 00:00:01.300 ""Vous y allez vous y allez pas ?"" 40",Arthur,Père Blaise,,,
Y,S05E04,ksS6aJOuKK0,00:37:21.920,00:00:02.160,"""Vous restez tout de même sur un mode qui interdit les nuances""",,mode-interdit-nuances,40,"./convert.sh ksS6aJOuKK0 mode-interdit-nuances 00:37:21.920 00:00:02.160 ""Vous restez tout de même sur un mode qui interdit les nuances"" 40",Bohort,Le duc d'Aquitaine,,,
Y,S05E04,ksS6aJOuKK0,00:37:28.240,00:00:03.280,"""Moi personnellement je ne pense qu'on peut réduire le débat à sa forme concrète mais ok""",,reduire-debat-forme-concrete,36,"./convert.sh ksS6aJOuKK0 reduire-debat-forme-concrete 00:37:28.240 00:00:03.280 ""Moi personnellement je ne pense qu'on peut réduire le débat à sa forme concrète mais ok"" 36",Le duc d'Aquitaine,Bohort,,,
Y,S05E04,ksS6aJOuKK0,00:37:35.800,00:00:02.400,"""Je vous suis très reconnaissant d'avoir su m'aiguiller au niveau de mon couple""",,aiguiller-niveau-mon-couple,36,"./convert.sh ksS6aJOuKK0 aiguiller-niveau-mon-couple 00:37:35.800 00:00:02.400 ""Je vous suis très reconnaissant d'avoir su m'aiguiller au niveau de mon couple"" 36",Le duc d'Aquitaine,Bohort,,,
Y,S05E04,ksS6aJOuKK0,00:37:40.400,00:00:02.960,"""Ce dont on parlait quand on était couché l'autre soir avec le monsieur""",,coucher-soir-monsieur2,36,"./convert.sh ksS6aJOuKK0 coucher-soir-monsieur2 00:37:40.400 00:00:02.960 ""Ce dont on parlait quand on était couché l'autre soir avec le monsieur"" 36",Le duc d'Aquitaine,Bohort,,,
Y,S05E04,ksS6aJOuKK0,00:00:30.080,00:00:02.560,"""Mais quoi, mais quoi, qu'est-ce qu'il y a encore ?""",,questce-quil-ya-encore,40,"./convert.sh ksS6aJOuKK0 questce-quil-ya-encore 00:00:30.080 00:00:02.560 ""Mais quoi, mais quoi, qu'est-ce qu'il y a encore ?"" 40",Arthur,,,,
Y,S05E04,ksS6aJOuKK0,00:01:32.920,00:00:04.360,"""Mais quand on le formule, ça pose pas de problème en fait""",,formule-pose-pas-probleme,40,"./convert.sh ksS6aJOuKK0 formule-pose-pas-probleme 00:01:32.920 00:00:04.360 ""Mais quand on le formule, ça pose pas de problème en fait"" 40",La Duchesse d'Aquitaine,Le duc d'Aquitaine,,,
Y,S05E04,ksS6aJOuKK0,00:02:50.400,00:00:03.400,"""Parce qu'en premier lieu il y a de votre part une vraie entreprise de déconsidération""",,vraie-entreprise-deconsideration,36,"./convert.sh ksS6aJOuKK0 vraie-entreprise-deconsideration 00:02:50.400 00:00:03.400 ""Parce qu'en premier lieu il y a de votre part une vraie entreprise de déconsidération"" 36",Le duc d'Aquitaine,,,,
Y,S05E04,ksS6aJOuKK0,00:02:56.760,00:00:01.760,"""Faut que vous trouviez des mémés pour discuter de vos problèmes""",,memes-discuter-vos-problemes,40,"./convert.sh ksS6aJOuKK0 memes-discuter-vos-problemes 00:02:56.760 00:00:01.760 ""Faut que vous trouviez des mémés pour discuter de vos problèmes"" 40",La Duchesse d'Aquitaine,,,,
Y,S05E04,ksS6aJOuKK0,00:03:32.800,00:00:01.680,"""Le tapis à toutes les sauces""",,tapis-toutes-les-sauces,46,"./convert.sh ksS6aJOuKK0 tapis-toutes-les-sauces 00:03:32.800 00:00:01.680 ""Le tapis à toutes les sauces"" 46",Guenièvre,,,,
Y,S05E04,ksS6aJOuKK0,00:03:37.280,00:00:01.880,"""Les sauces sur le tapis""",,sauce-sur-le-tapis,54,"./convert.sh ksS6aJOuKK0 sauce-sur-le-tapis 00:03:37.280 00:00:01.880 ""Les sauces sur le tapis"" 54",Guenièvre,,,,
Y,S05E04,ksS6aJOuKK0,00:03:54.120,00:00:02.640,"""Mais j'ai pas posé de questions""",,pas-pose-de-questions,40,"./convert.sh ksS6aJOuKK0 pas-pose-de-questions 00:03:54.120 00:00:02.640 ""Mais j'ai pas posé de questions"" 40",Guenièvre,,,,
Y,S05E04,ksS6aJOuKK0,00:04:19.880,00:00:03.840,"""On peut savoir ce qui vous fait sourire grand cornichon""",,fait-sourire-grand-cornichon,40,"./convert.sh ksS6aJOuKK0 fait-sourire-grand-cornichon 00:04:19.880 00:00:03.840 ""On peut savoir ce qui vous fait sourire grand cornichon"" 40",Arthur,,,,
Y,S05E04,ksS6aJOuKK0,00:05:39.640,00:00:03.080,"""Ah non, ah bah non ça, diplomatiquement je ne peux pas me le permettre""",,diplomatiquement-pas-permettre,36,"./convert.sh ksS6aJOuKK0 diplomatiquement-pas-permettre 00:05:39.640 00:00:03.080 ""Ah non, ah bah non ça, diplomatiquement je ne peux pas me le permettre"" 36",Arthur,,,,
Y,S05E04,ksS6aJOuKK0,00:06:00.200,00:00:02.340,"""C'est un style voyez...""",,cest-un-style-voyez,54,"./convert.sh ksS6aJOuKK0 cest-un-style-voyez 00:06:00.200 00:00:02.340 ""C'est un style voyez..."" 54",La Duchesse d'Aquitaine,,,,
Y,S05E04,ksS6aJOuKK0,00:06:02.600,00:00:07.000,"""Oui non mais non... Non allez non""",,mais-non-allez-non,40,"./convert.sh ksS6aJOuKK0 mais-non-allez-non 00:06:02.600 00:00:07.000 ""Oui non mais non... Non allez non"" 40",Arthur,La Duchesse d'Aquitaine,,,
Y,S05E04,ksS6aJOuKK0,00:06:46.320,00:00:03.600,"""Et puis zut là. Voilà zuuuuuute""",,zut-voila-zuuuuuute,40,"./convert.sh ksS6aJOuKK0 zut-voila-zuuuuuute 00:06:46.320 00:00:03.600 ""Et puis zut là. Voilà zuuuuuute"" 40",Arthur,,,,
Y,S05E04,ksS6aJOuKK0,00:07:04.920,00:00:02.000,"""Mais qui c'est celui-là""",,qui-cest-celui-la,54,"./convert.sh ksS6aJOuKK0 qui-cest-celui-la 00:07:04.920 00:00:02.000 ""Mais qui c'est celui-là"" 54",Arthur,,,,
Y,S05E04,ksS6aJOuKK0,00:08:21.600,00:00:06.000,"""Nous sommes avec une personne qui ne va pas hésiter à aller piocher dans un lexique très intuitif""",,personne-piocher-lexique-tres-intuitif,30,"./convert.sh ksS6aJOuKK0 personne-piocher-lexique-tres-intuitif 00:08:21.600 00:00:06.000 ""Nous sommes avec une personne qui ne va pas hésiter à aller piocher dans un lexique très intuitif"" 30",Le duc d'Aquitaine,Arthur,,,
Y,S05E04,ksS6aJOuKK0,00:08:41.000,00:00:04.840,"""Est-ce que vous vous sentiriez capable d'apprendre un petit texte par coeur""",,capable-apprendre-texte-par-coeur,36,"./convert.sh ksS6aJOuKK0 capable-apprendre-texte-par-coeur 00:08:41.000 00:00:04.840 ""Est-ce que vous vous sentiriez capable d'apprendre un petit texte par coeur"" 36",Arthur,,,,
Y,S05E04,ksS6aJOuKK0,00:09:09.680,00:00:02.600,"""Non mais je rêve faut me pincer là""",,reve-faut-me-pincer,40,"./convert.sh ksS6aJOuKK0 reve-faut-me-pincer 00:09:09.680 00:00:02.600 ""Non mais je rêve faut me pincer là"" 40",La Duchesse d'Aquitaine,Le duc d'Aquitaine,,,
Y,S05E04,ksS6aJOuKK0,00:09:50.640,00:00:03.600,"""Ah, j'avais peur de vous réveiller""",,peur-de-vous-reveiller,40,"./convert.sh ksS6aJOuKK0 peur-de-vous-reveiller 00:09:50.640 00:00:03.600 ""Ah, j'avais peur de vous réveiller"" 40",Guenièvre,,,,
Y,S05E04,ksS6aJOuKK0,00:10:11.840,00:00:01.960,"""Attendez je comprends pas le projet là""",,comprends-pas-le-projet,40,"./convert.sh ksS6aJOuKK0 comprends-pas-le-projet 00:10:11.840 00:00:01.960 ""Attendez je comprends pas le projet là"" 40",Yvain,Guenièvre,,,
Y,S05E04,ksS6aJOuKK0,00:11:20.480,00:00:01.320,"""Viré""",,vire,54,"./convert.sh ksS6aJOuKK0 vire 00:11:20.480 00:00:01.320 ""Viré"" 54",Le Maître d'Armes,Arthur,,,
Y,S05E04,ksS6aJOuKK0,00:11:41.280,00:00:02.440,"""Mais trop pas quoi""",,mais-trop-pas-quoi,54,"./convert.sh ksS6aJOuKK0 mais-trop-pas-quoi 00:11:41.280 00:00:02.440 ""Mais trop pas quoi"" 54",Yvain,,,,
Y,S05E04,ksS6aJOuKK0,00:13:30.360,00:00:02.600,"""Votre place""",,votre-place,54,"./convert.sh ksS6aJOuKK0 votre-place 00:13:30.360 00:00:02.600 ""Votre place"" 54",Arthur,,,,
Y,S05E04,ksS6aJOuKK0,00:13:35.680,00:00:03.200,"""Euh humour hein""",,euh-humour-hein,54,"./convert.sh ksS6aJOuKK0 euh-humour-hein 00:13:35.680 00:00:03.200 ""Euh humour hein"" 54",Arthur,,,,
Y,S05E04,ksS6aJOuKK0,00:14:02.080,00:00:02.160,"""Yasbaltrine, c'est possible""",,yasbaltrine-cest-possible,46,"./convert.sh ksS6aJOuKK0 yasbaltrine-cest-possible 00:14:02.080 00:00:02.160 ""Yasbaltrine, c'est possible"" 46",Nessa,,,,
Y,S05E04,ksS6aJOuKK0,00:15:43.400,00:00:02.560,"""Je m'suis fait piquer des trucs, ça me turlupine""",,fait-piquer-des-trucs,40,"./convert.sh ksS6aJOuKK0 fait-piquer-des-trucs 00:15:43.400 00:00:02.560 ""Je m'suis fait piquer des trucs, ça me turlupine"" 40",Elias de Kelliwic'h,,,,
Y,S05E04,ksS6aJOuKK0,00:16:52.680,00:00:03.100,"""Bonne nuit""",,bonne-nuit,54,"./convert.sh ksS6aJOuKK0 bonne-nuit 00:16:52.680 00:00:03.100 ""Bonne nuit"" 54",Mevanwi,,,,
Y,S05E04,ksS6aJOuKK0,00:18:03.840,00:00:05.000,"""Maintenant vous faites comme vous voulez""",,maintenant-faites-comme-vous-voulez,40,"./convert.sh ksS6aJOuKK0 maintenant-faites-comme-vous-voulez 00:18:03.840 00:00:05.000 ""Maintenant vous faites comme vous voulez"" 40",Arthur,Guenièvre,,,
Y,S05E04,ksS6aJOuKK0,00:18:12.280,00:00:03.120,"""Je peux vous poser une question même si ça fait 30 fois""",,question-meme-si-trente-fois,40,"./convert.sh ksS6aJOuKK0 question-meme-si-trente-fois 00:18:12.280 00:00:03.120 ""Je peux vous poser une question même si ça fait 30 fois"" 40",Dagonet,Galessin,,,
Y,S05E04,ksS6aJOuKK0,00:18:23.920,00:00:02.840,"""Si on envisage tout autant la possibilité que vous soyez un parfait glandu""",,possibilite-soyez-parfait-glandu,36,"./convert.sh ksS6aJOuKK0 possibilite-soyez-parfait-glandu 00:18:23.920 00:00:02.840 ""Si on envisage tout autant la possibilité que vous soyez un parfait glandu"" 36",Loth d'Orcanie,,,,
Y,S05E04,ksS6aJOuKK0,00:18:58.680,00:00:03.160,"""Si, mais je l'assume difficilement""",,je-lassume-difficilement,40,"./convert.sh ksS6aJOuKK0 je-lassume-difficilement 00:18:58.680 00:00:03.160 ""Si, mais je l'assume difficilement"" 40",Loth d'Orcanie,,,,
Y,S05E04,ksS6aJOuKK0,00:19:01.880,00:00:03.920,"""Vous me faites penser à ces types qui se servent jamais en premier pour faire poli""",,serve-jamais-premier-poli,36,"./convert.sh ksS6aJOuKK0 serve-jamais-premier-poli 00:19:01.880 00:00:03.920 ""Vous me faites penser à ces types qui se servent jamais en premier pour faire poli"" 36",Galessin,Dagonet,,,
Y,S05E04,ksS6aJOuKK0,00:19:17.200,00:00:04.160,"""Et le rapport dans le contexte""",,rapport-dans-le-contexte,46,"./convert.sh ksS6aJOuKK0 rapport-dans-le-contexte 00:19:17.200 00:00:04.160 ""Et le rapport dans le contexte"" 46",Dagonet,Galessin,,,
Y,S05E04,ksS6aJOuKK0,00:19:35.920,00:00:03.440,"""Ca vous ennuie si je m'assoupis un peu, j'ai mal à la tête""",,assoupis-un-peu-mal-tete,40,"./convert.sh ksS6aJOuKK0 assoupis-un-peu-mal-tete 00:19:35.920 00:00:03.440 ""Ca vous ennuie si je m'assoupis un peu, j'ai mal à la tête"" 40",Dagonet,Galessin,,,
Y,S05E04,ksS6aJOuKK0,00:20:27.680,00:00:03.560,"""Oh non mais qu'est-ce que vous allez me faire""",,questce-que-vous-allez-me-faire,40,"./convert.sh ksS6aJOuKK0 questce-que-vous-allez-me-faire 00:20:27.680 00:00:03.560 ""Oh non mais qu'est-ce que vous allez me faire"" 40",La Dame du Lac,,,,
Y,S05E04,ksS6aJOuKK0,00:21:55.400,00:00:05.720,"""On va passer une bonne soirée, magnifique""",,passer-une-bonne-soiree,40,"./convert.sh ksS6aJOuKK0 passer-une-bonne-soiree 00:21:55.400 00:00:05.720 ""On va passer une bonne soirée, magnifique"" 40",Méléagant,,,,
Y,S05E04,ksS6aJOuKK0,00:22:19.320,00:00:01.960,"""Mais c'est que je vous demande nom d'un chien, faites pas exprès""",,demande-nom-dun-chien,40,"./convert.sh ksS6aJOuKK0 demande-nom-dun-chien 00:22:19.320 00:00:01.960 ""Mais c'est que je vous demande nom d'un chien, faites pas exprès"" 40",Léodagan,Séli,,,
Y,S05E04,ksS6aJOuKK0,00:22:53.720,00:00:03.480,"""Oh l'Irlande""",,oh-lirlande,54,"./convert.sh ksS6aJOuKK0 oh-lirlande 00:22:53.720 00:00:03.480 ""Oh l'Irlande"" 54",Yvain,Guenièvre,Léodagan,Séli,Arthur
Y,S05E04,ksS6aJOuKK0,00:24:06.520,00:00:03.600,"""J'en conclus que vous avez tous chié dans la colle bien comme il faut""",,chie-dans-la-colle-comme-il-faut,36,"./convert.sh ksS6aJOuKK0 chie-dans-la-colle-comme-il-faut 00:24:06.520 00:00:03.600 ""J'en conclus que vous avez tous chié dans la colle bien comme il faut"" 36",Loth d'Orcanie,Galessin,,,
Y,S05E04,ksS6aJOuKK0,00:24:20.240,00:00:02.080,"""C'est pas à se bouffer les rognons ça""",,bouffer-les-rognons,40,"./convert.sh ksS6aJOuKK0 bouffer-les-rognons 00:24:20.240 00:00:02.080 ""C'est pas à se bouffer les rognons ça"" 40",Loth d'Orcanie,Galessin,,,
Y,S05E04,ksS6aJOuKK0,00:25:02.880,00:00:01.480,"""Imaginez que ça marche""",,imaginez-que-ca-marche,54,"./convert.sh ksS6aJOuKK0 imaginez-que-ca-marche 00:25:02.880 00:00:01.480 ""Imaginez que ça marche"" 54",Le Tavernier,,,,
Y,S05E04,ksS6aJOuKK0,00:25:04.400,00:00:01.480,"""Mais ça peut pas marcher""",,ca-peut-pas-marcher,54,"./convert.sh ksS6aJOuKK0 ca-peut-pas-marcher 00:25:04.400 00:00:01.480 ""Mais ça peut pas marcher"" 54",Merlin,Perceval,,,
Y,S05E04,ksS6aJOuKK0,00:25:32.080,00:00:04.400,"""Si on avait bu un coup dans des trucs qui se cassent, j'en aurais pété un par terre""",,trucs-qui-se-cassent-pete-un,36,"./convert.sh ksS6aJOuKK0 trucs-qui-se-cassent-pete-un 00:25:32.080 00:00:04.400 ""Si on avait bu un coup dans des trucs qui se cassent, j'en aurais pété un par terre"" 36",Perceval,Merlin,,,
Y,S05E04,ksS6aJOuKK0,00:25:51.880,00:00:03.160,"""Dites, vous étiez pas consigné chez vous très gros tas de fumier""",,consigne-chez-vous-tas-fumier,40,"./convert.sh ksS6aJOuKK0 consigne-chez-vous-tas-fumier 00:25:51.880 00:00:03.160 ""Dites, vous étiez pas consigné chez vous très gros tas de fumier"" 40",Léodagan,,,,
Y,S05E04,ksS6aJOuKK0,00:25:55.200,00:00:05.080,"""C'est assez flou, chez moi, pas chez moi""",,assez-flou-chez-moi-pas-chez-moi,40,"./convert.sh ksS6aJOuKK0 assez-flou-chez-moi-pas-chez-moi 00:25:55.200 00:00:05.080 ""C'est assez flou, chez moi, pas chez moi"" 40",Loth d'Orcanie,Galessin,Léodagan,,
Y,S05E04,ksS6aJOuKK0,00:26:10.360,00:00:03.120,"""Du coup je prends l'air, c'est mieux pour tout le monde""",,prends-lair-mieux-tout-le-monde,40,"./convert.sh ksS6aJOuKK0 prends-lair-mieux-tout-le-monde 00:26:10.360 00:00:03.120 ""Du coup je prends l'air, c'est mieux pour tout le monde"" 40",Loth d'Orcanie,Galessin,Léodagan,,
Y,S05E04,ksS6aJOuKK0,00:26:38.480,00:00:01.120,"""Par acquis de conscience""",,par-acquis-de-conscience,54,"./convert.sh ksS6aJOuKK0 par-acquis-de-conscience 00:26:38.480 00:00:01.120 ""Par acquis de conscience"" 54",Léodagan,,,,
Y,S05E04,ksS6aJOuKK0,00:28:12.120,00:00:06.560,"""Ouais mais si y en a un qui fait du chprum, ça va partir en marave générale, et je suis claqué""",,chprum-partir-en-marave-generale,30,"./convert.sh ksS6aJOuKK0 chprum-partir-en-marave-generale 00:28:12.120 00:00:06.560 ""Ouais mais si y en a un qui fait du chprum, ça va partir en marave générale, et je suis claqué"" 30",Karadoc,Merlin,,,
Y,S05E04,ksS6aJOuKK0,00:28:18.640,00:00:02.120,"""Alors là je m'sens vraiment pas le courage""",,sens-vraiment-pas-le-courage,40,"./convert.sh ksS6aJOuKK0 sens-vraiment-pas-le-courage 00:28:18.640 00:00:02.120 ""Alors là je m'sens vraiment pas le courage"" 40",Karadoc,Merlin,,,
Y,S01E24,03QCP9E3BG0,00:01:11.850,00:00:03.910,"""Non c'est bon, ta gueule, on domine""",,ta-gueule-on-domine,46,"./convert.sh 03QCP9E3BG0 ta-gueule-on-domine 00:01:11.850 00:00:03.910 ""Non c'est bon, ta gueule, on domine"" 46",L'interprète Burgonde,Le Roi Burgonde,,,
Y,S05E04,ksS6aJOuKK0,00:28:49.360,00:00:03.440,"""Et bien c'est pour faire plaisir à un ami""",,faire-plaisir-a-un-ami,40,"./convert.sh ksS6aJOuKK0 faire-plaisir-a-un-ami 00:28:49.360 00:00:03.440 ""Et bien c'est pour faire plaisir à un ami"" 40",Karadoc,Merlin,,,
Y,S05E04,ksS6aJOuKK0,00:29:58.920,00:00:02.680,"""Il a pas inventé le plat de la main morte celui-là""",,pas-invente-plat-main-morte,40,"./convert.sh ksS6aJOuKK0 pas-invente-plat-main-morte 00:29:58.920 00:00:02.680 ""Il a pas inventé le plat de la main morte celui-là"" 40",Dagonet,,,,
Y,S05E04,ksS6aJOuKK0,00:30:49.200,00:00:03.040,"""Et là normalement il faut une citation latine mais pff, j'en ai marre""",,faut-une-citation-latine,36,"./convert.sh ksS6aJOuKK0 faut-une-citation-latine 00:30:49.200 00:00:03.040 ""Et là normalement il faut une citation latine mais pff, j'en ai marre"" 36",Loth d'Orcanie,,,,
Y,S05E04,ksS6aJOuKK0,00:31:06.840,00:00:03.240,"""D'après le message, c'est à prendre au conditionnel""",,prendre-au-conditionnel,40,"./convert.sh ksS6aJOuKK0 prendre-au-conditionnel 00:31:06.840 00:00:03.240 ""D'après le message, c'est à prendre au conditionnel"" 40",Calogrenant,Arthur,,,
Y,S05E04,ksS6aJOuKK0,00:32:23.600,00:00:02.000,"""On peut pas vraiment savoir""",,peut-pas-vraiment-savoir,46,"./convert.sh ksS6aJOuKK0 peut-pas-vraiment-savoir 00:32:23.600 00:00:02.000 ""On peut pas vraiment savoir"" 46",Karadoc,,,,
Y,S05E04,ksS6aJOuKK0,00:31:47.040,00:00:02.280,"""Aussi vrai que j'aime pas le boulgour""",,aussi-vrai-aime-pas-boulgour,40,"./convert.sh ksS6aJOuKK0 aussi-vrai-aime-pas-boulgour 00:31:47.040 00:00:02.280 ""Aussi vrai que j'aime pas le boulgour"" 40",Perceval,,,,
Y,S05E04,ksS6aJOuKK0,00:38:34.800,00:00:02.700,"""Merci, super la journée, hyper sympa""",,super-la-journee-hyper-sympa,40,"./convert.sh ksS6aJOuKK0 super-la-journee-hyper-sympa 00:38:34.800 00:00:02.700 ""Merci, super la journée, hyper sympa"" 40",Yvain,Gauvain,,,
Y,S05E04,ksS6aJOuKK0,00:42:51.560,00:00:02.120,"""Mais qui vous dit que j'ai essayé""",,qui-vous-dit-jai-essaye,40,"./convert.sh ksS6aJOuKK0 qui-vous-dit-jai-essaye 00:42:51.560 00:00:02.120 ""Mais qui vous dit que j'ai essayé"" 40",Léodagan,,,,
Y,S05E04,ksS6aJOuKK0,00:43:29.480,00:00:02.760,"""Mais déjà je vous emmerde, et d'une""",,deja-je-vous-emmerde,40,"./convert.sh ksS6aJOuKK0 deja-je-vous-emmerde 00:43:29.480 00:00:02.760 ""Mais déjà je vous emmerde, et d'une"" 40",Calogrenant,,,,
Y,S05E04,ksS6aJOuKK0,00:44:41.360,00:00:01.880,"""Aujourd'hui, c'est sur vous que ça tombe, voilà""",,aujourdhui-sur-vous-ca-tombe,40,"./convert.sh ksS6aJOuKK0 aujourdhui-sur-vous-ca-tombe 00:44:41.360 00:00:01.880 ""Aujourd'hui, c'est sur vous que ça tombe, voilà"" 40",Lancelot du Lac,,,,
Y,S05E04,ksS6aJOuKK0,00:47:53.520,00:00:02.520,"""On n'est pas vraiment en odeur de sainteté""",,pas-vraiment-odeur-saintete,40,"./convert.sh ksS6aJOuKK0 pas-vraiment-odeur-saintete 00:47:53.520 00:00:02.520 ""On n'est pas vraiment en odeur de sainteté"" 40",Galessin,,,,
Y,S05E04,ksS6aJOuKK0,00:49:38.800,00:00:04.280,"""Si je lui donnais 30% il serait peut-être moins catégorique si""",,trente-pour-cent-moins-categorique,40,"./convert.sh ksS6aJOuKK0 trente-pour-cent-moins-categorique 00:49:38.800 00:00:04.280 ""Si je lui donnais 30% il serait peut-être moins catégorique si"" 40",Venec,,,,
Y,S05E04,ksS6aJOuKK0,00:49:44.800,00:00:02.000,"""Oui et non""",,oui-et-non,54,"./convert.sh ksS6aJOuKK0 oui-et-non 00:49:44.800 00:00:02.000 ""Oui et non"" 54",Guenièvre,,,,
Y,S05E04,ksS6aJOuKK0,00:49:50.040,00:00:03.400,"""Je vous signale que j'essaie de me reposer physiquement""",,essaie-de-me-reposer-physiquement,40,"./convert.sh ksS6aJOuKK0 essaie-de-me-reposer-physiquement 00:49:50.040 00:00:03.400 ""Je vous signale que j'essaie de me reposer physiquement"" 40",Yvain,Guenièvre,,,
Y,S05E04,ksS6aJOuKK0,00:49:56.160,00:00:02.320,"""Notre petit train-train va recommencer""",,train-train-recommencer,40,"./convert.sh ksS6aJOuKK0 train-train-recommencer 00:49:56.160 00:00:02.320 ""Notre petit train-train va recommencer"" 40",Guenièvre,,,,
Y,S05E04,ksS6aJOuKK0,00:50:43.840,00:00:03.120,"""Avec une bonne petite mine bien reposée""",,bonne-mine-bien-reposee,40,"./convert.sh ksS6aJOuKK0 bonne-mine-bien-reposee 00:50:43.840 00:00:03.120 ""Avec une bonne petite mine bien reposée"" 40",Méléagant,,,,
Y,S05E04,ksS6aJOuKK0,00:55:11.720,00:00:02.560,"""Ah non mais tout, j'aurais tout entendu""",,aurais-tout-entendu,40,"./convert.sh ksS6aJOuKK0 aurais-tout-entendu 00:55:11.720 00:00:02.560 ""Ah non mais tout, j'aurais tout entendu"" 40",Bohort,Léodagan,,,
Y,S04E38,8zj5B_J6fsE,00:00:05.760,00:00:01.320,"""Oh je vais vous le dire""",,je-vais-vous-le-dire,54,"./convert.sh 8zj5B_J6fsE je-vais-vous-le-dire 00:00:05.760 00:00:01.320 ""Oh je vais vous le dire"" 54",Arthur,,,,
Y,S04E38,8zj5B_J6fsE,00:00:03.240,00:00:01.040,"""Stooop""",,stop,54,"./convert.sh 8zj5B_J6fsE stop 00:00:03.240 00:00:01.040 ""Stooop"" 54",Arthur,,,,
Y,S04E38,8zj5B_J6fsE,00:00:25.440,00:00:02.680,"""Et avec un coup de pied dans votre cul pour vous donner de l'élan""",,coup-pied-cul-donner-elan,40,"./convert.sh 8zj5B_J6fsE coup-pied-cul-donner-elan 00:00:25.440 00:00:02.680 ""Et avec un coup de pied dans votre cul pour vous donner de l'élan"" 40",Arthur,,,,
Y,S04E38,8zj5B_J6fsE,00:00:28.440,00:00:03.360,"""M'en fous j'irai pas""",,fous-jirai-pas,54,"./convert.sh 8zj5B_J6fsE fous-jirai-pas 00:00:28.440 00:00:03.360 ""M'en fous j'irai pas"" 54",Merlin,Arthur,,,
Y,S04E38,8zj5B_J6fsE,00:00:59.440,00:00:01.040,"""Non, j'ai fini""",,non-jai-fini,54,"./convert.sh 8zj5B_J6fsE non-jai-fini 00:00:59.440 00:00:01.040 ""Non, j'ai fini"" 54",Elias de Kelliwic'h,Merlin,Arthur,,
Y,S04E38,8zj5B_J6fsE,00:01:00.600,00:00:02.280,"""Bon vous pouvez pas vous faire une potion, je sais pas, quelque chose""",,faire-une-potion,36,"./convert.sh 8zj5B_J6fsE faire-une-potion 00:01:00.600 00:00:02.280 ""Bon vous pouvez pas vous faire une potion, je sais pas, quelque chose"" 36",Arthur,,,,
Y,S04E38,8zj5B_J6fsE,00:01:09.000,00:00:02.760,"""Croyez bien que si j'avais je le dirais pas""",,javais-je-dirais-pas,40,"./convert.sh 8zj5B_J6fsE javais-je-dirais-pas 00:01:09.000 00:00:02.760 ""Croyez bien que si j'avais je le dirais pas"" 40",Elias de Kelliwic'h,Merlin,Arthur,,
Y,S04E38,8zj5B_J6fsE,00:01:13.840,00:00:01.440,"""J'aime autant vous dire que je risque pas de louper ça""",,risque-pas-louper-ca,40,"./convert.sh 8zj5B_J6fsE risque-pas-louper-ca 00:01:13.840 00:00:01.440 ""J'aime autant vous dire que je risque pas de louper ça"" 40",Elias de Kelliwic'h,Merlin,Arthur,,
Y,S04E38,8zj5B_J6fsE,00:01:52.880,00:00:02.720,"""Dis-donc, tu manques pas de toupet""",,manques-pas-de-toupet,40,"./convert.sh 8zj5B_J6fsE manques-pas-de-toupet 00:01:52.880 00:00:02.720 ""Dis-donc, tu manques pas de toupet"" 40",Merlin,,,,
Y,S04E38,8zj5B_J6fsE,00:01:55.640,00:00:02.480,"""""",Arthur et Elias sont sans voix,sans-voix,54,"./convert.sh 8zj5B_J6fsE sans-voix 00:01:55.640 00:00:02.480 """" 54",Arthur,Elias de Kelliwic'h,,,
Y,S04E38,8zj5B_J6fsE,00:01:58.160,00:00:02.040,"""Bon bah vous pourriez faire un effort aussi""",,faire-effort-aussi,40,"./convert.sh 8zj5B_J6fsE faire-effort-aussi 00:01:58.160 00:00:02.040 ""Bon bah vous pourriez faire un effort aussi"" 40",Merlin,,,,
Y,S04E38,8zj5B_J6fsE,00:02:08.880,00:00:02.840,"""Vous manquez pas de souffle""",,manquez-pas-souffle,46,"./convert.sh 8zj5B_J6fsE manquez-pas-souffle 00:02:08.880 00:00:02.840 ""Vous manquez pas de souffle"" 46",Elias de Kelliwic'h,Arthur,,,
Y,S04E38,8zj5B_J6fsE,00:02:10.600,00:00:01.120,"""""",Arthur pointe du doigt,pointe-du-doigt,54,"./convert.sh 8zj5B_J6fsE pointe-du-doigt 00:02:10.600 00:00:01.120 """" 54",Elias de Kelliwic'h,Arthur,,,
Y,S04E38,8zj5B_J6fsE,00:02:21.640,00:00:01.560,"""Vous trouvez ça marrant""",,trouvez-ca-marrant,54,"./convert.sh 8zj5B_J6fsE trouvez-ca-marrant 00:02:21.640 00:00:01.560 ""Vous trouvez ça marrant"" 54",Merlin,,,,
Y,S04E38,8zj5B_J6fsE,00:02:23.240,00:00:02.480,"""Ah marrant... Ca peut faire sourire c'est déjà ça""",,marrant-peut-faire-sourire,40,"./convert.sh 8zj5B_J6fsE marrant-peut-faire-sourire 00:02:23.240 00:00:02.480 ""Ah marrant... Ca peut faire sourire c'est déjà ça"" 40",Arthur,Elias de Kelliwic'h,,,
Y,S04E38,8zj5B_J6fsE,00:02:25.480,00:00:02.760,"""Non mais j'admets, ça vaut pas le coup du dragon qui dit tu manques pas de toupet""",,vaut-pas-coup-dragon-toupet,36,"./convert.sh 8zj5B_J6fsE vaut-pas-coup-dragon-toupet 00:02:25.480 00:00:02.760 ""Non mais j'admets, ça vaut pas le coup du dragon qui dit tu manques pas de toupet"" 36",Elias de Kelliwic'h,Arthur,,,
Y,S04E38,8zj5B_J6fsE,00:02:30.840,00:00:03.320,"""Bon allez une autre. Oui, qu'on se marre un peu""",,autre-marre-un-peu,40,"./convert.sh 8zj5B_J6fsE autre-marre-un-peu 00:02:30.840 00:00:03.320 ""Bon allez une autre. Oui, qu'on se marre un peu"" 40",Arthur,Elias de Kelliwic'h,,,
Y,S04E38,8zj5B_J6fsE,00:02:37.040,00:00:02.480,"""Pfff... Non...""",,pfff-non,54,"./convert.sh 8zj5B_J6fsE pfff-non 00:02:37.040 00:00:02.480 ""Pfff... Non..."" 54",Arthur,Elias de Kelliwic'h,,,
Y,S01E25,jLU5j5qLgjo,00:00:05.920,00:00:01.860,"""Si""",,si,54,"./convert.sh jLU5j5qLgjo si 00:00:05.920 00:00:01.860 ""Si"" 54",Arthur,Guenièvre,,,
Y,S01E25,jLU5j5qLgjo,00:00:37.040,00:00:04.600,"""Pourquoi il me tutoie à chaque fois ce con, on n'a pas gardé les chèvres ensemble que je sache""",,tutoie-con-garde-chevres-ensemble,30,"./convert.sh jLU5j5qLgjo tutoie-con-garde-chevres-ensemble 00:00:37.040 00:00:04.600 ""Pourquoi il me tutoie à chaque fois ce con, on n'a pas gardé les chèvres ensemble que je sache"" 30",Arthur,Lancelot du Lac,Merlin,,
Y,S01E25,jLU5j5qLgjo,00:00:44.080,00:00:03.120,"""Non lui c'est un genre qu'il se donne aussi, il se l'est toujours un peu pété""",,genre-toujours-un-peu-pete,36,"./convert.sh jLU5j5qLgjo genre-toujours-un-peu-pete 00:00:44.080 00:00:03.120 ""Non lui c'est un genre qu'il se donne aussi, il se l'est toujours un peu pété"" 36",Merlin,Arthur,Lancelot du Lac,,
Y,S01E25,jLU5j5qLgjo,00:00:47.240,00:00:01.840,"""Je vous signale que j'entends tout ce que vous dites""",,entends-tout-vous-dites,40,"./convert.sh jLU5j5qLgjo entends-tout-vous-dites 00:00:47.240 00:00:01.840 ""Je vous signale que j'entends tout ce que vous dites"" 40",Elias de Kelliwic'h,,,,
Y,S01E25,jLU5j5qLgjo,00:00:57.160,00:00:02.840,"""Ooh stop stop mais ça va on peut causer quand même""",,peut-causer-quand-meme,40,"./convert.sh jLU5j5qLgjo peut-causer-quand-meme 00:00:57.160 00:00:02.840 ""Ooh stop stop mais ça va on peut causer quand même"" 40",Arthur,Lancelot du Lac,Merlin,Léodagan,
Y,S01E25,jLU5j5qLgjo,00:02:13.200,00:00:01.760,"""Je commence à peine à supporter sa présence""",,supporter-sa-presence,40,"./convert.sh jLU5j5qLgjo supporter-sa-presence 00:02:13.200 00:00:01.760 ""Je commence à peine à supporter sa présence"" 40",Arthur,Lancelot du Lac,Merlin,Léodagan,
Y,S01E25,jLU5j5qLgjo,00:02:37.520,00:00:03.800,"""Ah non mais allez boire un coup je vous assure ça ira mieux""",,boire-un-coup-assure,40,"./convert.sh jLU5j5qLgjo boire-un-coup-assure 00:02:37.520 00:00:03.800 ""Ah non mais allez boire un coup je vous assure ça ira mieux"" 40",Lancelot du Lac,Arthur,Merlin,Léodagan,
Y,S01E26,r-qs_N8WYPQ,00:00:03.680,00:00:03.640,"""Aujourd'hui, j'ai une petite surprise pour vous""",,petite-surprise-pour-vous,40,"./convert.sh r-qs_N8WYPQ petite-surprise-pour-vous 00:00:03.680 00:00:03.640 ""Aujourd'hui, j'ai une petite surprise pour vous"" 40",Guenièvre,Arthur,,,
Y,S01E26,r-qs_N8WYPQ,00:01:05.560,00:00:01.560,"""On leur chante des chansons ?""",,chante-des-chansons,46,"./convert.sh r-qs_N8WYPQ chante-des-chansons 00:01:05.560 00:00:01.560 ""On leur chante des chansons ?"" 46",Léodagan,Perceval,Bohort,,
Y,S01E26,r-qs_N8WYPQ,00:02:05.280,00:00:02.360,"""Quand je viens vous voir, pour vous demander des trucs""",,viens-voir-demander-trucs,40,"./convert.sh r-qs_N8WYPQ viens-voir-demander-trucs 00:02:05.280 00:00:02.360 ""Quand je viens vous voir, pour vous demander des trucs"" 40",Arthur,Merlin,,,
Y,S01E26,r-qs_N8WYPQ,00:02:41.560,00:00:04.240,"""Mon petit oiseau a pris sa volée""",,oiseau-pris-sa-volee,40,"./convert.sh r-qs_N8WYPQ oiseau-pris-sa-volee 00:02:41.560 00:00:04.240 ""Mon petit oiseau a pris sa volée"" 40",Arthur,Lancelot du Lac,,,
Y,S01E27,mEtQi8gwr9M,00:00:11.720,00:00:01.520,"""Il paraît que c'est typique""",,parait-cest-typique,46,"./convert.sh mEtQi8gwr9M parait-cest-typique 00:00:11.720 00:00:01.520 ""Il paraît que c'est typique"" 46",Perceval,,,,
Y,S01E27,mEtQi8gwr9M,00:00:45.640,00:00:01.480,"""Ca fait pas un peu gonzesse non""",,pas-un-peu-gonzesse,40,"./convert.sh mEtQi8gwr9M pas-un-peu-gonzesse 00:00:45.640 00:00:01.480 ""Ca fait pas un peu gonzesse non"" 40",Calogrenant,Lancelot du Lac,,,
Y,S01E27,mEtQi8gwr9M,00:01:09.480,00:00:03.080,"""A mon avis un bon quart d'heure et on a fait le tour""",,quart-heure-fait-tour,40,"./convert.sh mEtQi8gwr9M quart-heure-fait-tour 00:01:09.480 00:00:03.080 ""A mon avis un bon quart d'heure et on a fait le tour"" 40",Dagonet,Bohort,,,
Y,S01E27,mEtQi8gwr9M,00:01:27.720,00:00:03.440,"""D'accord alors ça c'est super, sinon ?""",,cest-super-sinon,40,"./convert.sh mEtQi8gwr9M cest-super-sinon 00:01:27.720 00:00:03.440 ""D'accord alors ça c'est super, sinon ?"" 40",Arthur,,,,
Y,S01E27,mEtQi8gwr9M,00:01:45.880,00:00:02.800,"""2 secondes parce que moi ça me plait beaucoup""",,ca-me-plait-beaucoup,40,"./convert.sh mEtQi8gwr9M ca-me-plait-beaucoup 00:01:45.880 00:00:02.800 ""2 secondes parce que moi ça me plait beaucoup"" 40",Arthur,,,,
N,S04E38,8zj5B_J6fsE,00:01:59.600,00:00:01.280,"""Vous êtes vraiment pas bon public""",,pas-bon-public,40,"./convert.sh 8zj5B_J6fsE pas-bon-public 00:01:59.600 00:00:01.280 ""Vous êtes vraiment pas bon public"" 40",Merlin,,,,
N,S01E28,xzt4yXYy2m4,00:00:02.800,00:00:03.000,"""Et ben allez, une journée de plus en moins""",,journee-plus-en-moins,40,"./convert.sh xzt4yXYy2m4 journee-plus-en-moins 00:00:02.800 00:00:03.000 ""Et ben allez, une journée de plus en moins"" 40",Le Tavernier,Perceval,Karadoc,,
N,S01E28,xzt4yXYy2m4,00:00:07.880,00:00:01.760,"""C'est pas une sinécure""",,pas-sinecure,54,"./convert.sh xzt4yXYy2m4 pas-sinecure 00:00:07.880 00:00:01.760 ""C'est pas une sinécure"" 54",Le Tavernier,Perceval,Karadoc,,
N,S01E28,xzt4yXYy2m4,00:00:09.680,00:00:01.540,"""Ouais c'est pas faux""",,ouais-cest-pas-faux,54,"./convert.sh xzt4yXYy2m4 ouais-cest-pas-faux 00:00:09.680 00:00:01.540 ""Ouais c'est pas faux"" 54",Karadoc,,,,
N,S01E28,xzt4yXYy2m4,00:00:21.680,00:00:02.240,"""C'est ma botte secrète""",,cest-ma-botte-secrete,54,"./convert.sh xzt4yXYy2m4 cest-ma-botte-secrete 00:00:21.680 00:00:02.240 ""C'est ma botte secrète"" 54",Karadoc,Perceval,,,
N,S01E28,xzt4yXYy2m4,00:00:23.960,00:00:04.360,"""C'est pas faux ? Aaah""",,cest-pas-faux-ah,54,"./convert.sh xzt4yXYy2m4 cest-pas-faux-ah 00:00:23.960 00:00:04.360 ""C'est pas faux ? Aaah"" 54",Perceval,Karadoc,,,
N,S01E28,xzt4yXYy2m4,00:00:51.840,00:00:03.800,"""C'est pas faux""",,c-est-pas-faux,54,"./convert.sh xzt4yXYy2m4 cest-pas-faux 00:00:51.840 00:00:03.800 ""C'est pas faux"" 54",Perceval,Arthur,,,
N,S01E28,xzt4yXYy2m4,00:01:31.280,00:00:01.520,"""Faites un effort hein""",,faites-un-effort,54,"./convert.sh xzt4yXYy2m4 faites-un-effort 00:01:31.280 00:00:01.520 ""Faites un effort hein"" 54",Arthur,Lancelot du Lac,,,
N,S01E28,xzt4yXYy2m4,00:01:38.280,00:00:01.480,"""Quoi c'est pas faux""",,quoi-cest-pas-faux,54,"./convert.sh xzt4yXYy2m4 quoi-cest-pas-faux 00:01:38.280 00:00:01.480 ""Quoi c'est pas faux"" 54",Arthur,Lancelot du Lac,,,
N,S01E28,xzt4yXYy2m4,00:01:47.320,00:00:01.400,"""Vous vous êtes encore débrouillé comme un chef""",,debrouille-comme-un-chef,40,"./convert.sh xzt4yXYy2m4 debrouille-comme-un-chef 00:01:47.320 00:00:01.400 ""Vous vous êtes encore débrouillé comme un chef"" 40",Arthur,Lancelot du Lac,,,
N,S01E28,xzt4yXYy2m4,00:02:05.800,00:00:02.600,"""Ouais c'est pas faux""",,ouais-c-est-pas-faux,54,"./convert.sh xzt4yXYy2m4 ouais-c-est-pas-faux 00:02:05.800 00:00:02.600 ""Ouais c'est pas faux"" 54",Perceval,Lancelot du Lac,,,
N,S01E28,xzt4yXYy2m4,00:02:08.760,00:00:01.720,"""C'est vrai qu'en ce moment ça va pas fort""",,moment-va-pas-fort,40,"./convert.sh xzt4yXYy2m4 moment-va-pas-fort 00:02:08.760 00:00:01.720 ""C'est vrai qu'en ce moment ça va pas fort"" 40",Angharad,Perceval,,,
N,S01E28,xzt4yXYy2m4,00:02:25.560,00:00:03.000,"""Bah les responsabilités, toujours sur la brèche""",,responsabilites-toujours-breche,40,"./convert.sh xzt4yXYy2m4 responsabilites-toujours-breche 00:02:25.560 00:00:03.000 ""Bah les responsabilités, toujours sur la brèche"" 40",Perceval,Angharad,,,
N,S01E28,xzt4yXYy2m4,00:02:47.520,00:00:06.200,"""Je me regarde dans le miroir et j'ai l'impression d'être... insipide""",,impression-etre-insipide,36,"./convert.sh xzt4yXYy2m4 impression-etre-insipide 00:02:47.520 00:00:06.200 ""Je me regarde dans le miroir et j'ai l'impression d'être... insipide"" 36",Angharad,Perceval,,,
N,S01E28,xzt4yXYy2m4,00:02:59.800,00:00:04.480,"""Bon, ça m'a fait du bien de parler""",,fait-du-bien-parler,40,"./convert.sh xzt4yXYy2m4 fait-du-bien-parler 00:02:59.800 00:00:04.480 ""Bon, ça m'a fait du bien de parler"" 40",Angharad,Perceval,,,
N,S01E29,F6VmqUbP2C0,00:00:35.600,00:00:02.280,"""Sans être spécialement craintif c'est vrai que c'est préoccupant""",,craintif-vrai-preoccupant,40,"./convert.sh F6VmqUbP2C0 craintif-vrai-preoccupant 00:00:35.600 00:00:02.280 ""Sans être spécialement craintif c'est vrai que c'est préoccupant"" 40",Arthur,Bohort,,,
N,S01E29,F6VmqUbP2C0,00:00:59.680,00:00:05.560,"""""",Prise de conscience,prise-conscience,54,"./convert.sh F6VmqUbP2C0 prise-conscience 00:00:59.680 00:00:05.560 """" 54",Léodagan,Lancelot du Lac,Arthur,Bohort,
N,S01E29,F6VmqUbP2C0,00:01:37.040,00:00:01.000,"""Pam""",,pam,54,"./convert.sh F6VmqUbP2C0 pam 00:01:37.040 00:00:01.000 ""Pam"" 54",Grüdü,Léodagan,Lancelot du Lac,,
N,S01E29,F6VmqUbP2C0,00:01:42.000,00:00:01.320,"""Vous êtes complètement givré""",,etes-complement-givre,46,"./convert.sh F6VmqUbP2C0 etes-complement-givre 00:01:42.000 00:00:01.320 ""Vous êtes complètement givré"" 46",Arthur,Bohort,,,
N,S01E29,F6VmqUbP2C0,00:01:58.600,00:00:03.040,"""Non mais attendez ça fait beaucoup plus que mes doigts""",,plus-que-mes-doigts,40,"./convert.sh F6VmqUbP2C0 plus-que-mes-doigts 00:01:58.600 00:00:03.040 ""Non mais attendez ça fait beaucoup plus que mes doigts"" 40",Grüdü,Léodagan,Lancelot du Lac,,
N,S01E29,F6VmqUbP2C0,00:02:01.680,00:00:02.600,"""""",Arthur tombe des nues,tombe-des-nues,54,"./convert.sh F6VmqUbP2C0 tombe-des-nues 00:02:01.680 00:00:02.600 """" 54",Arthur,Bohort,,,
N,S01E30,VIRm_91TXL8,00:01:19.240,00:00:02.960,"""Euh pour rien, pareil que vous""",,rien-pareil-que-vous,46,"./convert.sh VIRm_91TXL8 rien-pareil-que-vous 00:01:19.240 00:00:02.960 ""Euh pour rien, pareil que vous"" 46",Arthur,Demetra,,,
N,S01E30,VIRm_91TXL8,00:01:23.800,00:00:03.360,"""Alors comme ça vous aussi vous êtes triste""",,vous-aussi-etes-triste,40,"./convert.sh VIRm_91TXL8 vous-aussi-etes-triste 00:01:23.800 00:00:03.360 ""Alors comme ça vous aussi vous êtes triste"" 40",Guenièvre,Arthur,Demetra,,
N,S01E30,VIRm_91TXL8,00:02:07.880,00:00:01.840,"""Sois disant qu'on commence à se marrer à partir de six""",,marrer-partir-six,40,"./convert.sh VIRm_91TXL8 marrer-partir-six 00:02:07.880 00:00:01.840 ""Sois disant qu'on commence à se marrer à partir de six"" 40",Demetra,Arthur,Guenièvre,,
N,S01E30,VIRm_91TXL8,00:02:14.200,00:00:02.840,"""Après vous me dites moi je veux pas vous forcer la main""",,dites-pas-forcer-main,40,"./convert.sh VIRm_91TXL8 dites-pas-forcer-main 00:02:14.200 00:00:02.840 ""Après vous me dites moi je veux pas vous forcer la main"" 40",Guenièvre,Arthur,Demetra,,
N,S01E30,VIRm_91TXL8,00:02:44.000,00:00:03.000,"""Non mais sûrement pas, alors ça vous pouvez faire une croix dessus""",,faire-croix-dessus,36,"./convert.sh VIRm_91TXL8 faire-croix-dessus 00:02:44.000 00:00:03.000 ""Non mais sûrement pas, alors ça vous pouvez faire une croix dessus"" 36",Arthur,Demetra,Guenièvre,,
N,S01E30,VIRm_91TXL8,00:02:36.640,00:00:02.720,"""Si c'était si bien que ça on dormirait à trois tous les soirs""",,dormirait-trois-tous-soirs,40,"./convert.sh VIRm_91TXL8 dormirait-trois-tous-soirs 00:02:36.640 00:00:02.720 ""Si c'était si bien que ça on dormirait à trois tous les soirs"" 40",Arthur,Demetra,Guenièvre,,
N,S01E30,VIRm_91TXL8,00:02:58.000,00:00:01.400,"""Pour 5 minutes...""",,pour-cinq-minutes,54,"./convert.sh VIRm_91TXL8 pour-cinq-minutes 00:02:58.000 00:00:01.400 ""Pour 5 minutes..."" 54",Demetra,Arthur,Guenièvre,,
N,S01E30,VIRm_91TXL8,00:02:59.240,00:00:01.740,"""5 minutes""",,cinq-minutes,54,"./convert.sh VIRm_91TXL8 cinq-minutes 00:02:59.240 00:00:01.740 ""5 minutes"" 54",Arthur,Demetra,Guenièvre,,
N,S01E30,VIRm_91TXL8,00:03:00.840,00:00:03.000,"""Oui enfin 5 minutes, c'est manière de parler""",,cinq-minutes-maniere-parler,40,"./convert.sh VIRm_91TXL8 cinq-minutes-maniere-parler 00:03:00.840 00:00:03.000 ""Oui enfin 5 minutes, c'est manière de parler"" 40",Demetra,Arthur,Guenièvre,,
N,S01E30,VIRm_91TXL8,00:03:04.160,00:00:04.280,"""Ca moi je peux pas vous dire""",,peux-pas-vous-dire,46,"./convert.sh VIRm_91TXL8 peux-pas-vous-dire 00:03:04.160 00:00:04.280 ""Ca moi je peux pas vous dire"" 46",Guenièvre,Arthur,Demetra,,
N,S01E31,DB6X-XFgnis,00:00:02.760,00:00:03.000,"""Ca c'est du plan de bataille""",,cest-plan-bataille,46,"./convert.sh DB6X-XFgnis cest-plan-bataille 00:00:02.760 00:00:03.000 ""Ca c'est du plan de bataille"" 46",Arthur,Lancelot du Lac,Léodagan,,
N,S01E31,DB6X-XFgnis,00:00:18.840,00:00:05.320,"""Ah oui ça y est, non ça m'était sorti de la tête cette histoire""",,sorti-la-tete-histoire,40,"./convert.sh DB6X-XFgnis sorti-la-tete-histoire 00:00:18.840 00:00:05.320 ""Ah oui ça y est, non ça m'était sorti de la tête cette histoire"" 40",Léodagan,Arthur,Lancelot du Lac,,
N,S01E31,DB6X-XFgnis,00:00:30.040,00:00:01.540,"""On a bien bouffé non""",,bien-bouffe-non,54,"./convert.sh DB6X-XFgnis bien-bouffe-non 00:00:30.040 00:00:01.540 ""On a bien bouffé non"" 54",Léodagan,Arthur,Bohort,,
N,S01E31,DB6X-XFgnis,00:00:37.240,00:00:03.440,"""On sent que le cuisinier improvise avec ce qu'il trouve autour du campement""",,cuisinier-improvise-autour-campement,36,"./convert.sh DB6X-XFgnis cuisinier-improvise-autour-campement 00:00:37.240 00:00:03.440 ""On sent que le cuisinier improvise avec ce qu'il trouve autour du campement"" 36",Bohort,Arthur,Léodagan,,
N,S01E31,DB6X-XFgnis,00:00:40.640,00:00:02.240,"""Pour les champignons d'accord mais pour les oeufs""",,champignons-daccord-oeufs,40,"./convert.sh DB6X-XFgnis champignons-daccord-oeufs 00:00:40.640 00:00:02.240 ""Pour les champignons d'accord mais pour les oeufs"" 40",Léodagan,Arthur,Bohort,,
N,S01E31,DB6X-XFgnis,00:00:44.360,00:00:03.120,"""Vous aurez beau dire j'ai un poids sur le bide""",,poids-sur-bide,40,"./convert.sh DB6X-XFgnis poids-sur-bide 00:00:44.360 00:00:03.120 ""Vous aurez beau dire j'ai un poids sur le bide"" 40",Arthur,Bohort,Léodagan,,
N,S01E31,DB6X-XFgnis,00:00:51.400,00:00:01.360,"""Qu'est-ce que vous avez à sourire comme des glands""",,sourire-comme-glands,40,"./convert.sh DB6X-XFgnis sourire-comme-glands 00:00:51.400 00:00:01.360 ""Qu'est-ce que vous avez à sourire comme des glands"" 40",Arthur,Bohort,Léodagan,,
N,S01E31,DB6X-XFgnis,00:00:56.600,00:00:01.760,"""On est tombé sur un coin, y'avait qu'à se baisser""",,coin-qua-se-baisser,40,"./convert.sh DB6X-XFgnis coin-qua-se-baisser 00:00:56.600 00:00:01.760 ""On est tombé sur un coin, y'avait qu'à se baisser"" 40",Perceval,Karadoc,,,
N,S01E31,DB6X-XFgnis,00:01:00.280,00:00:03.280,"""Pfff j'sais pas j'y connais rien en champignons""",,connais-rien-champignons,40,"./convert.sh DB6X-XFgnis connais-rien-champignons 00:01:00.280 00:00:03.280 ""Pfff j'sais pas j'y connais rien en champignons"" 40",Perceval,Karadoc,,,
N,S01E31,DB6X-XFgnis,00:01:09.640,00:00:03.520,"""Moi il faut que j'enlève mon armure sinon il va se passer quelque chose d'atroce""",,enleve-armure-quelque-chose-atroce,36,"./convert.sh DB6X-XFgnis enleve-armure-quelque-chose-atroce 00:01:09.640 00:00:03.520 ""Moi il faut que j'enlève mon armure sinon il va se passer quelque chose d'atroce"" 36",Bohort,Arthur,Léodagan,,
N,S01E31,DB6X-XFgnis,00:01:37.320,00:00:02.640,"""C'est pour savoir si en plus de la chiasse on s'apprête à creuver dans la demi-heure""",,plus-chiasse-creuver-demi-heure,36,"./convert.sh DB6X-XFgnis plus-chiasse-creuver-demi-heure 00:01:37.320 00:00:02.640 ""C'est pour savoir si en plus de la chiasse on s'apprête à creuver dans la demi-heure"" 36",Léodagan,Arthur,,,
N,S01E31,DB6X-XFgnis,00:01:40.000,00:00:01.600,"""Déjà ils étaient pas tous pareils""",,pas-tous-pareils,40,"./convert.sh DB6X-XFgnis pas-tous-pareils 00:01:40.000 00:00:01.600 ""Déjà ils étaient pas tous pareils"" 40",Karadoc,Perceval,,,
N,S01E31,DB6X-XFgnis,00:01:42.760,00:00:01.440,"""Bon bah on est foutu laisser tomber""",,foutu-laisser-tomber,40,"./convert.sh DB6X-XFgnis foutu-laisser-tomber 00:01:42.760 00:00:01.440 ""Bon bah on est foutu laisser tomber"" 40",Léodagan,Arthur,,,
N,S01E31,DB6X-XFgnis,00:01:44.600,00:00:02.760,"""J'ai pas eu le temps d'enlever mon armure""",,temps-enlever-armure,40,"./convert.sh DB6X-XFgnis temps-enlever-armure 00:01:44.600 00:00:02.760 ""J'ai pas eu le temps d'enlever mon armure"" 40",Bohort,Arthur,Léodagan,,
N,S01E31,DB6X-XFgnis,00:01:53.360,00:00:01.600,"""Et bien faut bien que quelqu'un y pense""",,faut-bien-quelquun-y-pense,40,"./convert.sh DB6X-XFgnis faut-bien-quelquun-y-pense 00:01:53.360 00:00:01.600 ""Et bien faut bien que quelqu'un y pense"" 40",Léodagan,Arthur,Bohort,,
N,S01E31,DB6X-XFgnis,00:02:14.960,00:00:02.360,"""Vous avez peut-être pris froid au ventre""",,pris-froid-ventre,40,"./convert.sh DB6X-XFgnis pris-froid-ventre 00:02:14.960 00:00:02.360 ""Vous avez peut-être pris froid au ventre"" 40",Guenièvre,Arthur,,,
N,S01E31,DB6X-XFgnis,00:02:26.720,00:00:03.400,"""Oh mais ça c'est la guerre, des fois vous gagnez des fois vous perdez""",,guerre-des-fois-gagnez-perdez,36,"./convert.sh DB6X-XFgnis guerre-des-fois-gagnez-perdez 00:02:26.720 00:00:03.400 ""Oh mais ça c'est la guerre, des fois vous gagnez des fois vous perdez"" 36",Guenièvre,Arthur,,,
N,S01E31,DB6X-XFgnis,00:02:46.200,00:00:04.280,"""Alors ils sont bien gentils mais il faut qu'ils arrêtent avec les beaux gestes""",,gentils-arretent-beaux-gestes,36,"./convert.sh DB6X-XFgnis gentils-arretent-beaux-gestes 00:02:46.200 00:00:04.280 ""Alors ils sont bien gentils mais il faut qu'ils arrêtent avec les beaux gestes"" 36",Arthur,Guenièvre,,,
N,S01E31,DB6X-XFgnis,00:01:16.920,00:00:01.920,"""Non moi j'aime ça mais je les digère pas""",,jaime-ca-digere-pas,40,"./convert.sh DB6X-XFgnis jaime-ca-digere-pas 00:01:16.920 00:00:01.920 ""Non moi j'aime ça mais je les digère pas"" 40",Perceval,Karadoc,,,
N,S01E31,DB6X-XFgnis,00:01:18.880,00:00:02.560,"""Ah mais des torches pareil on devrait les mettre sous verre""",,torches-pareil-sous-verre,40,"./convert.sh DB6X-XFgnis torches-pareil-sous-verre 00:01:18.880 00:00:02.560 ""Ah mais des torches pareil on devrait les mettre sous verre"" 40",Arthur,Léodagan,,,
N,S01E31,DB6X-XFgnis,00:01:26.320,00:00:00.840,"""Ah ils étaient beaux""",,ils-etaient-beaux,54,"./convert.sh DB6X-XFgnis ils-etaient-beaux 00:01:26.320 00:00:00.840 ""Ah ils étaient beaux"" 54",Karadoc,Perceval,,,
N,S01E31,DB6X-XFgnis,00:01:47.280,00:00:02.120,"""Ah non mais passez-nous les détails s'il-vous-plait""",,passez-nous-details,40,"./convert.sh DB6X-XFgnis passez-nous-details 00:01:47.280 00:00:02.120 ""Ah non mais passez-nous les détails s'il-vous-plait"" 40",Arthur,Bohort,Léodagan,,
N,S01E31,DB6X-XFgnis,00:02:36.440,00:00:03.100,"""Ils ont voulu vous faire plaisir, ça part d'un beau geste""",,plaisir-part-dun-beau-geste,40,"./convert.sh DB6X-XFgnis plaisir-part-dun-beau-geste 00:02:36.440 00:00:03.100 ""Ils ont voulu vous faire plaisir, ça part d'un beau geste"" 40",Guenièvre,Arthur,,,
N,S01E32,XADT1WT2PKY,00:00:14.320,00:00:04.200,"""Bah c'est délicat, imaginez que ça s'envenime""",,imaginez-ca-senvenime,40,"./convert.sh XADT1WT2PKY imaginez-ca-senvenime 00:00:14.320 00:00:04.200 ""Bah c'est délicat, imaginez que ça s'envenime"" 40",Merlin,Arthur,Lancelot du Lac,,
N,S01E32,XADT1WT2PKY,00:00:41.600,00:00:02.240,"""Non moi je suis plutôt polyvalent""",,suis-plutot-polyvalent,40,"./convert.sh XADT1WT2PKY suis-plutot-polyvalent 00:00:41.600 00:00:02.240 ""Non moi je suis plutôt polyvalent"" 40",Merlin,,,,
N,S01E32,XADT1WT2PKY,00:01:01.000,00:00:03.040,"""Chuuut, fermez-la, je ne veux pas qu'on sache que je vous ai amené ici""",,pas-sache-amene-ici,36,"./convert.sh XADT1WT2PKY pas-sache-amene-ici 00:01:01.000 00:00:03.040 ""Chuuut, fermez-la, je ne veux pas qu'on sache que je vous ai amené ici"" 36",Arthur,Elias de Kelliwic'h,,,
N,S01E32,XADT1WT2PKY,00:01:14.600,00:00:02.160,"""Point de vue quoi, agencement""",,point-vue-agencement,46,"./convert.sh XADT1WT2PKY point-vue-agencement 00:01:14.600 00:00:02.160 ""Point de vue quoi, agencement"" 46",Elias de Kelliwic'h,Arthur,,,
N,S01E32,XADT1WT2PKY,00:01:21.840,00:00:02.280,"""Crédible par rapport à quoi""",,credible-rapport-quoi,46,"./convert.sh XADT1WT2PKY credible-rapport-quoi 00:01:21.840 00:00:02.280 ""Crédible par rapport à quoi"" 46",Elias de Kelliwic'h,Arthur,,,
N,S01E32,XADT1WT2PKY,00:01:38.200,00:00:00.920,"""C'est un bon bouquin""",,bon-bouquin,54,"./convert.sh XADT1WT2PKY bon-bouquin 00:01:38.200 00:00:00.920 ""C'est un bon bouquin"" 54",Arthur,Elias de Kelliwic'h,,,
N,S01E32,XADT1WT2PKY,00:01:39.880,00:00:01.000,"""C'est un classique""",,cest-un-classique,54,"./convert.sh XADT1WT2PKY cest-un-classique 00:01:39.880 00:00:01.000 ""C'est un classique"" 54",Elias de Kelliwic'h,Arthur,,,
N,S01E32,XADT1WT2PKY,00:01:56.160,00:00:02.560,"""Bah maintenant qu'il y a des recueils on va pas se faire chier à tout apprendre par coeur""",,recueil-chier-apprendre-coeur,36,"./convert.sh XADT1WT2PKY recueil-chier-apprendre-coeur 00:01:56.160 00:00:02.560 ""Bah maintenant qu'il y a des recueils on va pas se faire chier à tout apprendre par coeur"" 36",Elias de Kelliwic'h,Arthur,,,
N,S01E32,XADT1WT2PKY,00:02:28.400,00:00:01.960,"""Je vous soupçonne d'être un gros nul""",,soupconne-etre-gros-nul,40,"./convert.sh XADT1WT2PKY soupconne-etre-gros-nul 00:02:28.400 00:00:01.960 ""Je vous soupçonne d'être un gros nul"" 40",Arthur,Lancelot du Lac,,,
N,S01E32,XADT1WT2PKY,00:02:24.760,00:00:02.640,"""Non c'est pas ça seulement... Si si c'est ça je suis désolé""",,pas-ca-si-cest-ça,40,"./convert.sh XADT1WT2PKY pas-ca-si-cest-ça 00:02:24.760 00:00:02.640 ""Non c'est pas ça seulement... Si si c'est ça je suis désolé"" 40",Lancelot du Lac,Arthur,,,
N,S01E32,XADT1WT2PKY,00:02:38.920,00:00:01.760,"""""",Merlin fait un sort,fait-un-sort,54,"./convert.sh XADT1WT2PKY fait-un-sort 00:02:38.920 00:00:01.760 """" 54",Merlin,,,,
N,S01E32,XADT1WT2PKY,00:02:59.160,00:00:03.240,"""Vous le connaissez celui où on fait un noeud sur une corde, on souffle et y'a plus de noeud""",,noeud-sur-corde-souflle,30,"./convert.sh XADT1WT2PKY noeud-sur-corde-souflle 00:02:59.160 00:00:03.240 ""Vous le connaissez celui où on fait un noeud sur une corde, on souffle et y'a plus de noeud"" 30",Arthur,Lancelot du Lac,,,
N,S06E03,Q3QL5vBTzvs,00:00:26.500,00:00:01.500,"""C'est aux trous du cul que je suis allergique""",,trous-du-cul-allergique,40,"./convert.sh Q3QL5vBTzvs trous-du-cul-allergique 00:00:26.500 00:00:01.500 ""C'est aux trous du cul que je suis allergique"" 40",Verinus,,,,
N,S06E03,Q3QL5vBTzvs,00:00:43.100,00:00:01.100,"""Si je les appelle ils radinent direct""",,appelle-radinent-direct,40,"./convert.sh Q3QL5vBTzvs appelle-radinent-direct 00:00:43.100 00:00:01.100 ""Si je les appelle ils radinent direct"" 40",Verinus,,,,
N,S06E03,Q3QL5vBTzvs,00:01:54.200,00:00:02.500,"""Non mais j'ai des trucs à faire mais c'est plus tard""",,trucs-a-faire-plus-tard,40,"./convert.sh Q3QL5vBTzvs trucs-a-faire-plus-tard 00:01:54.200 00:00:02.500 ""Non mais j'ai des trucs à faire mais c'est plus tard"" 40",Arthur,,,,
N,S06E03,Q3QL5vBTzvs,00:04:28.500,00:00:01.900,"""Vous voulez dire que la Bretagne c'est le fin fond du trou de balle du monde ?""",,bretagne-fond-du-trou,36,"./convert.sh Q3QL5vBTzvs bretagne-fond-du-trou 00:04:28.500 00:00:01.900 ""Vous voulez dire que la Bretagne c'est le fin fond du trou de balle du monde ?"" 36",Merlin,,,,
N,S06E03,Q3QL5vBTzvs,00:08:54.000,00:00:03.120,"""Rendez-vous compte, de la magnifiscence de ces colonnades""",,magnifiscence-collonades,40,"./convert.sh Q3QL5vBTzvs magnifiscence-collonades 00:08:54.000 00:00:03.120 ""Rendez-vous compte, de la magnifiscence de ces colonnades"" 40",Merlin,,,,
N,S06E03,Q3QL5vBTzvs,00:09:51.000,00:00:02.000,"""T'occupe. J'ai des arrangements avec la milice""",,arrangements-milice,40,"./convert.sh Q3QL5vBTzvs arrangements-milice 00:09:51.000 00:00:02.000 ""T'occupe. J'ai des arrangements avec la milice"" 40",Venec,,,,
N,S06E03,Q3QL5vBTzvs,00:18:06.240,00:00:02.360,"""Je me... je me considère comme un papillon""",,considere-comme-papillon,40,"./convert.sh Q3QL5vBTzvs considere-comme-papillon 00:18:06.240 00:00:02.360 ""Je me... je me considère comme un papillon"" 40",Verinus,,,,
N,S06E03,Q3QL5vBTzvs,00:18:48.800,00:00:02.000,"""Ah là je suis à deux doigts d'aller en référer à qui de droit là""",,deux-doigts-referer-qui-de-droit,40,"./convert.sh Q3QL5vBTzvs deux-doigts-referer-qui-de-droit 00:18:48.800 00:00:02.000 ""Ah là je suis à deux doigts d'aller en référer à qui de droit là"" 40",Verinus,,,,
N,S06E03,Q3QL5vBTzvs,00:19:22.250,00:00:02.200,"""Est-ce qu'il y aurait pas là à ce moment-là un petit risque de décès ?""",,risque-de-deces,36,"./convert.sh Q3QL5vBTzvs risque-de-deces 00:19:22.250 00:00:02.200 ""Est-ce qu'il y aurait pas là à ce moment-là un petit risque de décès ?"" 36",Verinus,,,,
N,S06E03,Q3QL5vBTzvs,00:22:52.800,00:00:03.500,"""Non la situation est un petit peu dans une impasse je ne vous le cacherai pas""",,situation-impasse-cacherai-pas,36,"./convert.sh Q3QL5vBTzvs situation-impasse-cacherai-pas 00:22:52.800 00:00:03.500 ""Non la situation est un petit peu dans une impasse je ne vous le cacherai pas"" 36",La Dame du Lac,,,,
N,S06E03,Q3QL5vBTzvs,00:27:25.700,00:00:02.200,"""Je suis en train de coopérer comme une petite salope""",,cooperer-comme-petite-salope,40,"./convert.sh Q3QL5vBTzvs cooperer-comme-petite-salope 00:27:25.700 00:00:02.200 ""Je suis en train de coopérer comme une petite salope"" 40",Verinus,Aulus Milonius Procyon,,,
N,S06E03,Q3QL5vBTzvs,00:34:41.700,00:00:03.500,"""Dites euh vous auriez pas essayé de me la faire à la pute par hasard ?""",,faire-a-la-pute,36,"./convert.sh Q3QL5vBTzvs faire-a-la-pute 00:34:41.700 00:00:03.500 ""Dites euh vous auriez pas essayé de me la faire à la pute par hasard ?"" 36",Léodagan,Loth d'Orcanie,,,
N,S01E15,lezW61JQMms,00:00:02.920,00:00:00.840,"""Dépêchez-vous""",,depechez-vous,54,"./convert.sh lezW61JQMms depechez-vous 00:00:02.920 00:00:00.840 ""Dépêchez-vous"" 54",Lancelot du Lac,,,,
N,S01E15,lezW61JQMms,00:00:04.560,00:00:01.000,"""Mais qui c'est ce type ?""",,qui-cest-ce-type,54,"./convert.sh lezW61JQMms qui-cest-ce-type 00:00:04.560 00:00:01.000 ""Mais qui c'est ce type ?"" 54",Merlin,Lancelot du Lac,,,
N,S01E15,lezW61JQMms,00:00:13.160,00:00:01.400,"""J'y fous pas les pieds moi""",,jy-fous-pas-les-pieds,46,"./convert.sh lezW61JQMms jy-fous-pas-les-pieds 00:00:13.160 00:00:01.400 ""J'y fous pas les pieds moi"" 46",Merlin,,,,
N,S01E15,lezW61JQMms,00:00:36.120,00:00:03.240,"""Si tu refuses je ferais tomber une pluie de calamités sur ton royaume""",,pluie-de-calamites,36,"./convert.sh lezW61JQMms pluie-de-calamites 00:00:36.120 00:00:03.240 ""Si tu refuses je ferais tomber une pluie de calamités sur ton royaume"" 36",Elias de Kelliwic'h,,,,
N,S01E15,lezW61JQMms,00:00:40.000,00:00:01.720,"""Bon, déjà il me tutoie ça part mal""",,il-me-tutoie-ca-part-mal,40,"./convert.sh lezW61JQMms il-me-tutoie-ca-part-mal 00:00:40.000 00:00:01.720 ""Bon, déjà il me tutoie ça part mal"" 40",Arthur,Lancelot du Lac,Merlin,,
N,S01E15,lezW61JQMms,00:00:41.600,00:00:00.680,"""Virez-moi ce con""",,virez-moi-ce-con,54,"./convert.sh lezW61JQMms virez-moi-ce-con 00:00:41.600 00:00:00.680 ""Virez-moi ce con"" 54",Arthur,Lancelot du Lac,Merlin,,
N,S01E15,lezW61JQMms,00:01:16.160,00:00:02.280,"""Bon bah ça va, vous allez pas nous sortir tout le curriculum si ?""",,tout-le-curriculum,40,"./convert.sh lezW61JQMms tout-le-curriculum 00:01:16.160 00:00:02.280 ""Bon bah ça va, vous allez pas nous sortir tout le curriculum si ?"" 40",Arthur,Lancelot du Lac,Merlin,,
N,S01E15,lezW61JQMms,00:01:46.640,00:00:01.960,"""Putain il est fort ce con""",,putain-il-est-fort-ce-con,54,"./convert.sh lezW61JQMms putain-il-est-fort-ce-con 00:01:46.640 00:00:01.960 ""Putain il est fort ce con"" 54",Merlin,Arthur,Lancelot du Lac,,
N,S01E15,lezW61JQMms,00:02:00.680,00:00:02.480,"""Attendez, je vais pas rester sur un échec, j'ai une réputation à soutenir moi""",,pas-rester-sur-un-echec,36,"./convert.sh lezW61JQMms pas-rester-sur-un-echec 00:02:00.680 00:00:02.480 ""Attendez, je vais pas rester sur un échec, j'ai une réputation à soutenir moi"" 36",Merlin,Arthur,Lancelot du Lac,,
N,S01E15,lezW61JQMms,00:00:57.680,00:00:02.000,"""Vous êtes le fils d'un démon et d'une pucelle ?""",,fils-demon-pucelle,40,"./convert.sh lezW61JQMms fils-demon-pucelle 00:00:57.680 00:00:02.000 ""Vous êtes le fils d'un démon et d'une pucelle ?"" 40",Arthur,Lancelot du Lac,Merlin,,
N,S01E15,lezW61JQMms,00:01:00.280,00:00:04.000,"""Vous avez plus pris de la pucelle""",,plus-pris-pucelle,40,"./convert.sh lezW61JQMms plus-pris-pucelle 00:01:00.280 00:00:04.000 ""Vous avez plus pris de la pucelle"" 40",Arthur,Lancelot du Lac,Merlin,,
N,S01E15,lezW61JQMms,00:01:43.120,00:00:02.120,"""Qu'est-ce qui est petit et marron ?""",,petit-et-marron,40,"./convert.sh lezW61JQMms petit-et-marron 00:01:43.120 00:00:02.120 ""Qu'est-ce qui est petit et marron ?"" 40",Merlin,Arthur,Lancelot du Lac,,
N,S01E15,lezW61JQMms,00:01:45.280,00:00:01.320,"""Un marron""",,un-marron,54,"./convert.sh lezW61JQMms un-marron 00:01:45.280 00:00:01.320 ""Un marron"" 54",Elias de Kelliwic'h,,,,
N,S01E15,lezW61JQMms,00:02:24.160,00:00:02.280,"""C'est pas pour rien qu'on m'appelle le fourbe""",,appelle-le-fourbe,40,"./convert.sh lezW61JQMms appelle-le-fourbe 00:02:24.160 00:00:02.280 ""C'est pas pour rien qu'on m'appelle le fourbe"" 40",Elias de Kelliwic'h,,,,
N,S01E15,lezW61JQMms,00:02:31.440,00:00:05.360,"""Bah ça c'est sûr tant qu'il met de la calamité dans la négociation on a toujours un cran de retard""",,calamite-negociation-cran-retard,30,"./convert.sh lezW61JQMms calamite-negociation-cran-retard 00:02:31.440 00:00:05.360 ""Bah ça c'est sûr tant qu'il met de la calamité dans la négociation on a toujours un cran de retard"" 30",Merlin,Arthur,Lancelot du Lac,,
N,S01E15,lezW61JQMms,00:02:58.440,00:00:01.000,"""Ah ah perdu""",,ah-perdu,54,"./convert.sh lezW61JQMms ah-perdu 00:02:58.440 00:00:01.000 ""Ah ah perdu"" 54",Merlin,Arthur,Lancelot du Lac,Elias de Kelliwic'h,
N,S01E15,lezW61JQMms,00:02:08.480,00:00:01.120,"""Sans vouloir te commander""",,vouloir-te-commander,54,"./convert.sh lezW61JQMms vouloir-te-commander 00:02:08.480 00:00:01.120 ""Sans vouloir te commander"" 54",Merlin,Arthur,Lancelot du Lac,,
N,S01E13,SoUslB0-iCg,00:00:12.760,00:00:03.280,"""Et vous vous me racontez pas votre petite journée ?""",,vous-me-racontez-pas-votre-petite-journee,40,"./convert.sh SoUslB0-iCg vous-me-racontez-pas-votre-petite-journee 00:00:12.760 00:00:03.280 ""Et vous vous me racontez pas votre petite journée ?"" 40",Guenièvre,Arthur,,,
N,S01E13,SoUslB0-iCg,00:00:19.000,00:00:01.560,"""Pas toutes les émotions d'un coup""",,pas-toutes-les-emotions,40,"./convert.sh SoUslB0-iCg pas-toutes-les-emotions 00:00:19.000 00:00:01.560 ""Pas toutes les émotions d'un coup"" 40",Arthur,Guenièvre,,,
N,S01E33,rbHXt28OBjw,00:00:02.880,00:00:01.800,"""Vous avez fait vos valises pour demain""",,fait-vos-valises,40,"./convert.sh rbHXt28OBjw fait-vos-valises 00:00:02.880 00:00:01.800 ""Vous avez fait vos valises pour demain"" 40",Séli,,,,
N,S01E33,rbHXt28OBjw,00:00:17.800,00:00:02.600,"""Vous vous en foutez vous êtes pas là""",,foutez-etes-pas-la,40,"./convert.sh rbHXt28OBjw foutez-etes-pas-la 00:00:17.800 00:00:02.600 ""Vous vous en foutez vous êtes pas là"" 40",Séli,,,,
N,S01E33,rbHXt28OBjw,00:00:45.640,00:00:03.000,"""Ne vous donnez pas cette peine, j'allais justement le faire""",,peine-jallais-justement-faire,40,"./convert.sh rbHXt28OBjw peine-jallais-justement-faire 00:00:45.640 00:00:03.000 ""Ne vous donnez pas cette peine, j'allais justement le faire"" 40",Monseigneur Boniface,,,,
N,S01E33,rbHXt28OBjw,00:01:13.840,00:00:02.000,"""C'est une idée originale""",,idee-originale,54,"./convert.sh rbHXt28OBjw idee-originale 00:01:13.840 00:00:02.000 ""C'est une idée originale"" 54",Monseigneur Boniface,,,,
N,S01E33,rbHXt28OBjw,00:01:27.200,00:00:04.240,"""Ah oui dans votre tête c'est quelque chose qui est quand même très admis""",,quelque-chose-tres-admis,36,"./convert.sh rbHXt28OBjw quelque-chose-tres-admis 00:01:27.200 00:00:04.240 ""Ah oui dans votre tête c'est quelque chose qui est quand même très admis"" 36",Monseigneur Boniface,,,,
N,S01E33,rbHXt28OBjw,00:02:11.040,00:00:03.520,"""Alors là elle est un peu chic""",,est-un-peu-chic,46,"./convert.sh rbHXt28OBjw est-un-peu-chic 00:02:11.040 00:00:03.520 ""Alors là elle est un peu chic"" 46",Monseigneur Boniface,,,,
N,S01E33,rbHXt28OBjw,00:02:23.240,00:00:03.760,"""Oh, si je comprends...""",,oh-si-je-comprends,54,"./convert.sh rbHXt28OBjw oh-si-je-comprends 00:02:23.240 00:00:03.760 ""Oh, si je comprends..."" 54",Monseigneur Boniface,,,,
N,S01E33,rbHXt28OBjw,00:03:03.560,00:00:03.880,"""Et d'ailleurs, éventuellement, ce qu'on pourrait faire c'est parler de tout ça demain""",,faire-parler-tout-ca-demain,36,"./convert.sh rbHXt28OBjw faire-parler-tout-ca-demain 00:03:03.560 00:00:03.880 ""Et d'ailleurs, éventuellement, ce qu'on pourrait faire c'est parler de tout ça demain"" 36",Arthur,Monseigneur Boniface,,,
N,S01E33,rbHXt28OBjw,00:03:24.680,00:00:01.520,"""L'interdire, pourquoi faire""",,interdire-pourquoi-faire,46,"./convert.sh rbHXt28OBjw interdire-pourquoi-faire 00:03:24.680 00:00:01.520 ""L'interdire, pourquoi faire"" 46",Arthur,Monseigneur Boniface,,,
N,S01E33,rbHXt28OBjw,00:03:28.800,00:00:05.120,"""Moi je fais partie de ceux qui se battent pour qu'on l'autorise, et même qu'on l'encourage""",,battent-pour-autorise-encourage,30,"./convert.sh rbHXt28OBjw battent-pour-autorise-encourage 00:03:28.800 00:00:05.120 ""Moi je fais partie de ceux qui se battent pour qu'on l'autorise, et même qu'on l'encourage"" 30",Monseigneur Boniface,Arthur,,,
N,S01E34,wiI_IuzwV1o,00:00:14.320,00:00:01.720,"""Putain la vache la trouille""",,vache-la-trouille,46,"./convert.sh wiI_IuzwV1o vache-la-trouille 00:00:14.320 00:00:01.720 ""Putain la vache la trouille"" 46",Arthur,,,,
N,S01E34,wiI_IuzwV1o,00:00:37.720,00:00:02.800,"""Bah, elle est grande""",,elle-est-grande,54,"./convert.sh wiI_IuzwV1o elle-est-grande 00:00:37.720 00:00:02.800 ""Bah, elle est grande"" 54",La Dame du Lac,Arthur,,,
N,S01E34,wiI_IuzwV1o,00:01:02.520,00:00:03.600,"""C'est, un genre de cake""",,genre-de-cake,54,"./convert.sh wiI_IuzwV1o genre-de-cake 00:01:02.520 00:00:03.600 ""C'est, un genre de cake"" 54",La Dame du Lac,Arthur,,,
N,S01E34,wiI_IuzwV1o,00:01:06.800,00:00:01.320,"""Un cake magique""",,cake-magique,54,"./convert.sh wiI_IuzwV1o cake-magique 00:01:06.800 00:00:01.320 ""Un cake magique"" 54",Arthur,,,,
N,S01E34,wiI_IuzwV1o,00:01:12.680,00:00:04.000,"""Bah merci...""",,bah-merci,54,"./convert.sh wiI_IuzwV1o bah-merci 00:01:12.680 00:00:04.000 ""Bah merci..."" 54",Arthur,,,,
N,S01E34,wiI_IuzwV1o,00:01:33.440,00:00:01.280,"""Et pourquoi pas à cloche-pied""",,pourquoi-pas-cloche-pied,46,"./convert.sh wiI_IuzwV1o pourquoi-pas-cloche-pied 00:01:33.440 00:00:01.280 ""Et pourquoi pas à cloche-pied"" 46",Bohort,Léodagan,Arthur,,
N,S01E34,wiI_IuzwV1o,00:01:59.200,00:00:01.400,"""Comment ça pour rien""",,comment-ca-pour-rien,54,"./convert.sh wiI_IuzwV1o comment-ca-pour-rien 00:01:59.200 00:00:01.400 ""Comment ça pour rien"" 54",Léodagan,Arthur,Bohort,,
N,S01E34,wiI_IuzwV1o,00:01:48.960,00:00:03.120,"""Je vois pas ce que ça a de si curieux de vouloir rester en vie""",,si-curieux-vouloir-rester-en-vie,40,"./convert.sh wiI_IuzwV1o si-curieux-vouloir-rester-en-vie 00:01:48.960 00:00:03.120 ""Je vois pas ce que ça a de si curieux de vouloir rester en vie"" 40",Bohort,Léodagan,Arthur,,
N,S01E34,wiI_IuzwV1o,00:02:33.000,00:00:03.920,"""C'est vrai que quand y'a deux trois piécettes derrière bah c'est un petit plus""",,deux-trois-piecettes-derriere,36,"./convert.sh wiI_IuzwV1o deux-trois-piecettes-derriere 00:02:33.000 00:00:03.920 ""C'est vrai que quand y'a deux trois piécettes derrière bah c'est un petit plus"" 36",Léodagan,Arthur,Bohort,,
N,S01E34,wiI_IuzwV1o,00:02:56.080,00:00:02.120,"""Moi je veux pas prendre la responsabilité de ça, c'est vous le boss""",,responsabilite-ça-vous-boss,36,"./convert.sh wiI_IuzwV1o responsabilite-ça-vous-boss 00:02:56.080 00:00:02.120 ""Moi je veux pas prendre la responsabilité de ça, c'est vous le boss"" 36",Léodagan,Arthur,Bohort,,
N,S01E34,wiI_IuzwV1o,00:03:05.560,00:00:02.040,"""Moi je décide rien du tout moi, rien""",,decide-rien-du-tout,40,"./convert.sh wiI_IuzwV1o decide-rien-du-tout 00:03:05.560 00:00:02.040 ""Moi je décide rien du tout moi, rien"" 40",Léodagan,Arthur,Bohort,,
N,S01E34,wiI_IuzwV1o,00:03:14.520,00:00:04.760,"""Bah non, moi je pense qu'il faut mieux qu'on rentre hein""",,pense-faut-quon-rentre,40,"./convert.sh wiI_IuzwV1o pense-faut-quon-rentre 00:03:14.520 00:00:04.760 ""Bah non, moi je pense qu'il faut mieux qu'on rentre hein"" 40",Bohort,Léodagan,Arthur,,
